"","Class","X1","X2"
"1","+",2.23874486274019,6.79311716268137
"2","+",1.34896548239935,5.51258557118
"3","+",2.31461123313343,6.61797826713408
"4","+",1.17149562502159,5.14943570017907
"5","+",-5.74147288589035,3.44303704262718
"6","+",-1.89370404200567,9.01099129613618
"7","+",-7.60144658590854,-0.968437005823364
"8","+",-2.32890646566164,7.90562400733112
"9","+",-4.84578381510941,4.02799026935223
"10","+",-1.7279737108563,3.69886535403694
"11","+",-6.02533530976031,2.72579442731531
"12","+",0.21195270145236,-5.5162583534967
"13","+",-4.2419299381948,6.15526131684694
"14","+",-4.04123338210091,7.7301853603702
"15","+",-7.05275435468079,3.1806937842974
"16","+",1.87532866008356,-0.787460643883543
"17","+",-4.69376649285287,2.03039358476751
"18","+",-5.96322271415099,-1.16993952717494
"19","+",-2.28879093260637,5.83908064660346
"20","+",-5.48248039081296,-0.0985160893821169
"21","+",2.41752377001184,3.62199933751251
"22","+",-0.205472199679594,-3.78808815990452
"23","+",-2.85456604271304,1.51230275335537
"24","+",-8.94799689663728,0.870106314846308
"25","+",-8.10570974961707,-1.22382342320616
"26","+",-4.09032935668859,5.06722046216745
"27","+",-4.37732132548516,5.29056739269643
"28","+",-6.02624252594962,1.5182209382453
"29","+",4.25771733118228,1.35145566698566
"30","+",-4.23814108575368,5.26393391579827
"31","+",-1.90062216593738,6.10863095140694
"32","+",-3.85131156190117,6.26359880221884
"33","+",-2.90804838203038,5.19315630968338
"34","+",4.22713093144558,6.55483079587564
"35","+",1.04213563912004,4.26222661268748
"36","+",-6.26334330710688,0.829785332173793
"37","+",-7.40359691096717,8.73645996341611
"38","+",1.00677093508237,2.55776703601747
"39","+",-5.32971267715574,4.7881079873144
"40","+",-4.79997560642977,9.95313573098581
"41","+",-8.61001333585117,-2.97039562151215
"42","+",-5.7756935688751,-1.21002533313747
"43","+",5.94426973457416,-1.90121299999596
"44","+",-1.97031139258807,6.95685630263253
"45","+",-1.4647810438042,3.20143341457603
"46","+",-1.81357517423497,9.78605679948356
"47","+",-2.4093243446003,4.81506471014776
"48","+",-4.75392157766812,7.61004906747249
"49","+",-0.651520339916471,7.56168932977283
"50","+",4.61572425462809,0.75015714498603
"51","+",-6.03624596263672,-0.190107996715216
"52","+",2.31691377333287,9.96049771728345
"53","+",1.66663047556567,8.98820489142702
"54","+",-7.11646422291882,5.44649976568488
"55","+",-4.14895151672248,7.96117169961702
"56","+",-0.973245885087313,4.50773776818661
"57","+",1.51742579071206,9.48206135553645
"58","+",-3.76944203904182,8.513232195539
"59","+",-6.49700641804212,0.64467132809852
"60","+",-0.416465720534126,-2.45688503997235
"61","+",-1.56665309637162,10.6827048049733
"62","+",-4.07320641440886,4.97794303263494
"63","+",-4.59181661986455,1.70462363111475
"64","+",4.77153827690433,-2.04073475900393
"65","+",-8.23402006640501,7.18296890648959
"66","+",0.321487584074013,1.35766465127924
"67","+",-4.5530437801095,-1.31746781032155
"68","+",-7.52221973511308,4.45036752355206
"69","+",0.355937393851967,5.16706393809083
"70","+",-8.77316033186942,4.0333471619861
"71","+",0.589006033704566,7.17271194327877
"72","+",-1.42547197694128,8.33368009561079
"73","+",-4.99605663406995,4.19704068974365
"74","+",-5.60088251091477,-1.33758422828411
"75","+",-5.45073659912259,10.8058115623522
"76","+",-1.10165186255972,4.74508462302803
"77","+",-3.76747801029135,-1.24809811007531
"78","+",-9.80265094262893,-0.738862885367964
"79","+",-0.040772831079682,1.48532683278062
"80","+",0.192601100718739,5.51703923152536
"81","+",-8.83879581420034,2.52335787838897
"82","+",-6.06327261942016,-2.48388190864155
"83","+",-5.55272051310837,2.96820254085578
"84","+",-5.1268479953518,8.70642776040761
"85","+",-5.94834636084253,-1.95768200915103
"86","+",-8.56900594343127,1.12563003197667
"87","+",-1.38117659297474,6.21074032877597
"88","+",-2.20710907375684,3.22133521864235
"89","+",-5.92932798266556,6.37331728259188
"90","+",-0.810940210642534,8.12626398913052
"91","+",5.4819959012401,8.37016707157434
"92","+",-3.43197097506112,8.41035130847643
"93","+",3.39393533835684,-0.260226510454971
"94","+",1.39036695997484,2.11490366236835
"95","+",0.957170472279517,7.25601122050079
"96","+",4.38609408639118,2.06014829164628
"97","+",-5.03331441054657,10.5314074039871
"98","+",-3.77030259087032,8.65079783695559
"99","+",-3.45380546458819,3.829612402863
"100","+",-4.95096371101944,7.33026129058987
"101","+",3.79176359697161,-1.56280697465561
"102","+",-0.491192773236351,8.56867839731493
"103","+",1.4853519175584,4.73627581183414
"104","+",-0.0788815224939896,3.62171393795921
"105","+",1.09183569067395,-0.481978166242559
"106","+",-4.64868115444716,6.61658547872739
"107","+",-2.65455693132076,6.69113464488775
"108","+",-8.3028183279361,3.09253455230807
"109","+",-5.31597983599458,4.44318961910351
"110","+",-1.21193560168415,10.0735800385795
"111","+",3.06158009630467,2.37349655809617
"112","+",3.05416118660314,3.4239581974921
"113","+",0.278540780546499,-0.599496381306692
"114","+",-2.40499212357474,6.78451338538189
"115","+",-1.01022581707359,6.49437231609073
"116","+",1.23419487503729,1.49978366374873
"117","+",-4.93918706113921,-3.68052691061786
"118","+",-1.56220847776201,-1.22200268852745
"119","+",-5.62618313109212,5.87334928507041
"120","+",-5.13794955045391,-0.193287658359522
"121","+",1.1964560079268,6.71927681128127
"122","+",-6.27206429677287,8.35716810192696
"123","+",3.34329311526903,7.17832680579941
"124","+",-6.14933201874539,0.571016400524421
"125","+",-1.73717498140853,6.24622340018962
"126","+",-2.65882049633573,7.42975423149823
"127","+",-5.80908961409882,-2.2341445212164
"128","+",-1.96066287198428,6.1724174106574
"129","+",-9.00541102611088,0.64166352182156
"130","+",-10.9503124964179,3.15358275705382
"131","+",0.337052491458584,3.79819732151722
"132","+",-11.1197328546963,-3.56914464464197
"133","+",8.16477111806713,-0.524274964052361
"134","+",1.93167666049633,1.51273920127768
"135","+",-0.961863681497436,4.49665133149237
"136","+",0.453544592403295,2.21288230415003
"137","+",-7.96286372689577,6.61086925883429
"138","+",-7.03764586399524,3.56063126342128
"139","+",3.90567715681325,3.59273656104855
"140","+",-5.49529761779698,9.76442502348445
"141","+",3.4141801013408,3.33608999086852
"142","+",-5.98448080927861,3.37314195260661
"143","+",-8.28509194002457,-0.982278818104865
"144","+",-3.67320263054841,6.04584365545324
"145","+",0.756368051455425,4.95973788215186
"146","+",2.62938244352003,-0.149108637170673
"147","+",0.286698205031846,8.06078162862451
"148","+",-6.29022323630656,-0.527725689960628
"149","+",-4.12642189617366,5.38132988565432
"150","+",-5.11943671428328,6.03180196351818
"151","+",-7.6033393336737,2.05353996970603
"152","+",2.85212222039854,0.094648524056439
"153","+",-6.86212547707769,2.94622664373542
"154","+",-7.09084523758446,7.01049983421469
"155","+",0.435503107989705,5.26945392606234
"156","+",-3.72182725826794,7.44681588407654
"157","+",-3.65318182213126,3.19396513724812
"158","+",1.81672855339259,1.9763718616465
"159","+",-3.76267507274754,1.54187022300834
"160","+",-6.40400527892754,-1.57347161701571
"161","+",-4.96178414286392,3.86696515027978
"162","+",-7.94761466822003,2.17464783605062
"163","+",-5.18797076022744,6.8632965510971
"164","+",-5.5845184151893,-5.20376594515938
"165","+",-1.43014498810211,3.29594228852084
"166","+",-4.71891705528212,3.60986451112387
"167","+",-4.21947751841277,3.87620008490037
"168","+",-5.9794265271749,0.457029985923011
"169","+",3.15570922088543,1.64853892732067
"170","+",-1.97863402816265,5.86681051075362
"171","+",-11.969829633671,-0.581555947593345
"172","+",-1.73392144130785,9.45637088115858
"173","+",1.97481110635865,4.74288712821967
"174","+",-0.637297798007047,5.58878115593713
"175","+",0.71998821262694,-0.734631948958208
"176","+",-5.55855659518171,4.85864451101567
"177","+",-7.06573934574131,-1.80349743267612
"178","+",-2.72784941476309,5.45466118910467
"179","+",-11.1157577012476,-0.399287983518983
"180","+",-3.71577997308604,5.55894261518067
"181","+",-0.196455225285448,2.47231951992451
"182","+",-0.594720226320356,6.98005480058397
"183","+",-2.74921341238278,7.7190687153525
"184","+",-7.06300098427226,5.19003336803457
"185","+",-1.01781900586456,5.8415133233554
"186","+",-5.53472914874338,-1.21123338960582
"187","+",-4.41144569338217,3.35889013164328
"188","+",-5.48442509573695,1.16379614653877
"189","+",-2.92589836638816,6.84309343133047
"190","+",-1.71591962387448,9.49351362728579
"191","+",-7.82395181780631,2.41340652503454
"192","+",1.96699709849429,11.9035957538406
"193","+",-3.57140930797113,8.25264320419529
"194","+",-1.4668103200815,6.41400402865056
"195","+",-4.73210872856174,3.48174644354803
"196","+",-6.54723443777392,5.31804985927157
"197","+",-0.612743618809032,2.38621690123988
"198","+",-7.64632311611263,5.21400419743756
"199","+",-2.55121764972874,5.11518436539618
"200","+",-9.69943949253093,3.8885621177884
"201","+",0.196355266333856,4.17931384815268
"202","+",-9.77510532240432,0.570051456732383
"203","+",-3.2663996731154,6.72254420753146
"204","+",-0.521700001949285,0.87453006235045
"205","+",-4.90015790500109,3.16429210285302
"206","+",-0.623273199889199,2.19140460480088
"207","+",-7.27676593761562,3.57386490287997
"208","+",-5.03373180524043,3.57601103780776
"209","+",-7.43230327869707,4.46624177152556
"210","+",-0.559633119825182,5.02027866852944
"211","+",1.78343718470893,3.98847243127467
"212","+",1.99782042514165,5.72704075126031
"213","+",1.23757497544608,6.14235853548123
"214","+",-5.18705355294169,3.66493476028913
"215","+",-7.00610754849441,-1.41830534015685
"216","+",0.752346639362518,-1.37826256324399
"217","+",-2.17422344607284,3.60477979803006
"218","+",2.24496689868864,-1.21951159795243
"219","+",-5.27166175931579,0.0148585000273238
"220","+",0.441619660865771,9.44373025177486
"221","+",-0.263690415250046,5.07166843540881
"222","+",3.06571968532405,-1.99036100045457
"223","+",1.79825221469069,0.538244402352293
"224","+",4.39343908576388,-0.871374800403064
"225","+",-1.26146725468397,5.34417056893878
"226","+",-5.7414157573379,1.33056101084193
"227","+",-7.16942519275853,6.02082537576339
"228","+",0.935150946223504,2.85714756295259
"229","+",-0.137824435318388,10.5229140038469
"230","+",-2.19278756901784,6.52222374057369
"231","+",3.51988128712599,0.901842241359311
"232","+",-0.161160197033349,1.70324664697733
"233","+",-6.33101884068714,-1.93080349929347
"234","+",-4.1068105757538,2.18342621294687
"235","+",-2.54716107382959,7.43821693377174
"236","+",-0.219230477919059,5.50899928099341
"237","+",0.467789039714505,5.58330659570317
"238","+",-2.5753691151501,7.55412096963236
"239","+",-0.985745843975895,5.3173902867446
"240","+",1.68640420811282,3.77587877217748
"241","+",-2.32781721231115,5.95451352198189
"242","+",-9.30064570751692,0.837993663312998
"243","+",1.75045881623772,8.73644397437318
"244","+",0.526939171577414,0.0503788884097898
"245","+",-1.34063806041277,11.9938349816382
"246","+",-1.84339975521802,7.05824280612814
"247","+",4.04958326952408,4.83758797831377
"248","+",-6.01353116959844,5.47873050453783
"249","+",4.00166673533129,4.28699967213078
"250","+",2.88006309432045,0.999213475675783
"251","+",1.44516469061445,-3.45419315728456
"252","+",-6.71017653823838,0.112712359566296
"253","+",-7.57034040368373,-1.61540863811544
"254","+",3.72623782084,0.492509468088573
"255","+",2.49818600266776,2.53868022639967
"256","+",-5.43848795854346,4.65967416840324
"257","+",-4.68291955437243,4.01678196794409
"258","+",-0.536226411486404,4.27725767519088
"259","+",3.84101351784012,-0.801763679358927
"260","+",-4.63255002911689,-3.0965155361546
"261","+",-1.40384137588464,1.04125637956705
"262","+",-2.51809742505477,5.80363945101992
"263","+",1.02549254627665,2.91412736296121
"264","+",-2.06696965331754,7.59236823312491
"265","+",3.55861369416812,4.79120694038122
"266","+",-8.064618839608,0.513560686172706
"267","+",-2.12009760592995,9.20590198069097
"268","+",-1.08578168650723,7.61281292894627
"269","+",-4.98534594810247,4.97245649141006
"270","+",2.42132271807867,2.19303771654411
"271","+",-0.613805019047818,8.87795189072968
"272","+",-6.88856281128038,4.44988882401952
"273","+",-5.97084768094818,7.32219690187432
"274","+",1.41106768500649,3.44502434819826
"275","+",-4.11316453996282,8.51593876809879
"276","+",-6.95604684636181,0.86043468317914
"277","+",-4.30768105688621,8.62481830792378
"278","+",-7.61591497950733,0.894590652635556
"279","+",-3.04111043736505,6.82567506081032
"280","+",-5.37653623280684,1.64023620862699
"281","+",-3.16813007015405,4.96745971049734
"282","+",2.18694814099351,-2.0504358190851
"283","+",-2.36340270703011,7.12554614710224
"284","+",4.040107661584,4.91637470508088
"285","+",-5.21721404365564,10.0794850391563
"286","+",-0.154382938731982,9.43720881356396
"287","+",-8.74291939881474,6.90533284080304
"288","+",-0.209827328247396,3.50707127177049
"289","+",-8.10498845127467,-0.0261418426908806
"290","+",1.26111149071332,3.48802392609764
"291","+",4.69219980502887,-3.76275854421135
"292","+",-2.58319653183143,8.59055260649983
"293","+",2.3038565978103,4.40707646737099
"294","+",4.72830774194762,1.7181619181045
"295","+",-5.54186537055398,6.02541559378901
"296","+",1.4405288440536,-2.64373444406211
"297","+",-0.602262057566205,3.92971480281376
"298","+",-4.08295554537172,7.9284592033448
"299","+",0.444772054419563,1.05748858855709
"300","+",-5.67767242375812,-3.16113166615103
"301","+",-2.54068479116086,5.10334401855095
"302","+",-6.66244961796375,-2.19796808195297
"303","+",1.70463068435885,-0.089588444848038
"304","+",-2.9226563376537,4.53434964000918
"305","+",-6.56375630160409,-0.0567951095985342
"306","+",-3.23303189567634,10.5659411598293
"307","+",-0.49158174274929,8.89333262857769
"308","+",-3.42397407744315,9.49416777212551
"309","+",-0.490820379218006,7.24804650362584
"310","+",-4.81621480903847,10.4241296213271
"311","+",-5.04262422130621,4.38025652857856
"312","+",-4.14826748672036,1.85678519588813
"313","+",6.44119940631773,-0.346076719634185
"314","+",1.03552141473097,0.77178973111684
"315","+",-6.37111033610021,1.72470216973071
"316","+",-5.07206304017576,7.62640897381019
"317","+",-1.00523885187612,7.14962345381348
"318","+",-0.780742756730371,4.26966624422577
"319","+",4.39412841704941,-3.76430764678218
"320","+",-5.23390518990268,6.87224905379275
"321","+",2.12226312761468,3.28754372011111
"322","+",1.45343881171198,4.72822045720553
"323","+",-8.35176399750399,4.53286067234322
"324","+",-2.35178308738412,3.56718773194838
"325","+",-5.09049422583234,0.921218354493387
"326","+",-6.7788979869223,1.57850874179726
"327","+",-4.56590906510806,-2.99018374391854
"328","+",1.25412044776445,1.82208805357423
"329","+",0.828424799400698,0.230931282812585
"330","+",-4.99309034414345,6.11697138483907
"331","+",-3.32047708690127,7.59944385739791
"332","+",-6.01828488775353,4.98245801462321
"333","+",-0.0441956728167392,0.843833830379982
"334","+",0.202131002534912,10.213346983135
"335","+",-12.5057777358736,1.9896622509493
"336","+",1.60597177210609,8.01105994368929
"337","+",0.928461570360966,4.17704182716842
"338","+",-5.15427933802674,-0.486066592242378
"339","+",3.47699610300459,-6.12498817371258
"340","+",-5.24100564381489,7.31867859909598
"341","+",-2.08772611699395,7.53044118068479
"342","+",-2.3819995782912,6.23141978499986
"343","+",-0.573705586310129,8.6705403514929
"344","+",-3.68373742474879,3.36870701090949
"345","+",-5.13160013996741,8.53151298762338
"346","+",-5.40284608687817,4.69174382228663
"347","+",3.00807524628857,-1.41805474624725
"348","+",-5.75244604720425,6.54509985362638
"349","+",3.66278303461202,-2.98805118192437
"350","+",4.82219696092944,-0.484500395484543
"351","+",1.48969179241379,2.87914219301078
"352","+",-3.42031316717623,8.53953178219252
"353","+",3.26449229736466,0.0468803978009142
"354","+",4.03526896842597,-0.877172899148847
"355","+",0.396507301401581,5.0157373826021
"356","+",5.92283646489671,-2.14340107377959
"357","+",2.27512157906564,3.43872512913806
"358","+",-7.91662503897834,0.608241054144063
"359","+",-1.97338282710875,9.7850956702346
"360","+",-0.273058679516029,3.82441278011378
"361","+",-6.90195554949049,5.61379836001561
"362","+",-1.43137553127249,6.90398160255586
"363","+",-7.4044168355086,-0.481216459543854
"364","+",0.391144420922531,8.34621884725173
"365","+",-1.37217177226565,6.17297232920967
"366","+",-2.71042397376883,5.17900114100617
"367","+",-4.85230484939773,4.60313351436782
"368","+",0.44303896536127,4.43639200181845
"369","+",0.779887498955562,4.82094249377682
"370","+",-0.339626936370817,6.80293928830147
"371","+",-11.1154318705921,-0.244590221155401
"372","+",-7.0554914142084,-1.40396554063592
"373","+",-6.63724438316338,5.15198348695828
"374","+",-8.65879526401798,1.48438239258801
"375","+",1.24184296190119,2.49259006560331
"376","+",1.94798148574655,-0.334476925272329
"377","+",1.81227955965944,7.03668006805589
"378","+",2.25246254699857,3.73914283300415
"379","+",-2.80227109563327,8.64855700280767
"380","+",-2.46059133973554,9.64755997321782
"381","+",0.534320821251851,2.15018823494701
"382","+",0.137407386016544,5.53743893879653
"383","+",-0.249647186798267,5.42828575198327
"384","+",-0.50482248485512,3.46585168745517
"385","+",-5.81061532168902,-0.563731315319642
"386","+",-9.99140880525376,-0.542694661997112
"387","+",-3.06520843267349,5.87704019779023
"388","+",-6.24750691552362,-2.30613946256617
"389","+",-5.22776480788511,6.32129972604686
"390","+",0.807683687920709,4.03178215340645
"391","+",1.01394893156068,-2.87763929830239
"392","+",-1.35278045766705,8.64899534970035
"393","+",0.63725605753968,7.30091908001687
"394","+",0.535228883461717,5.87884360501946
"395","+",-4.4457009597896,7.29637666007987
"396","+",-11.095141405135,-3.38474952732033
"397","+",-4.86515767103484,5.82244116488745
"398","+",3.0902256931899,1.69032653135754
"399","+",-4.78736322850483,-0.10241037278405
"400","+",3.25869008426853,-2.41756658099422
"401","+",3.94631400015387,2.43668631011442
"402","+",1.86889927094071,3.24358368004082
"403","+",-2.90505772055208,6.1733439786118
"404","+",-9.57585544874354,-1.35527219669818
"405","+",-5.0739354063261,2.07103578065513
"406","+",-7.84428482232165,7.14386778452316
"407","+",-7.32708882826755,2.32956739324497
"408","+",-3.17894689415389,3.64102042731716
"409","+",-4.5640255002481,7.30761319877895
"410","+",0.714097217346126,4.86361449630606
"411","+",-7.46959337836373,-0.590901316075879
"412","+",0.485172539812164,2.54496325361265
"413","+",-1.01328364154208,6.00982362212277
"414","+",-1.62053615032827,7.47446716471674
"415","+",-10.4845766950423,-2.00158349404062
"416","+",4.80242914032629,-0.647068710127589
"417","+",0.747953440822118,10.8505161574325
"418","+",-7.04514774931397,-0.869199174444508
"419","+",-2.07237083688949,7.82022744399005
"420","+",4.5991314397707,2.85603150994307
"421","+",3.49237447283434,-0.948612957726745
"422","+",4.23519574231428,5.85120492781293
"423","+",-7.05550936785533,0.892743557586871
"424","+",-8.22235000670201,2.14749225252743
"425","+",-6.41277911656762,-1.31266316382386
"426","+",6.12461281811845,6.45152923004209
"427","+",-8.50053839762946,0.550888502931571
"428","+",-4.47431193581231,10.2210435764395
"429","+",-4.39076907401549,8.51729252298953
"430","+",2.71534579847519,3.33199628335998
"431","+",-6.27722774795783,1.21284122352763
"432","+",6.07302114282166,-1.67237500618416
"433","+",3.28634819036346,-1.00649458906914
"434","+",5.40249433681699,3.84926441161634
"435","+",-4.92644167093696,5.032272091451
"436","+",2.4007564724874,4.9427679357847
"437","+",-3.26100565249864,4.56330641604677
"438","+",-2.02702994971716,2.60620211611943
"439","+",-0.283621589842006,3.1080471900814
"440","+",-11.6129873206027,-2.91255993549489
"441","+",3.71331455659505,0.527808947110203
"442","+",-5.55283850067061,4.03251229780602
"443","+",-9.47644864585635,-0.0555925575118077
"444","+",-4.91671510312346,-1.46458916331556
"445","+",3.37335330548145,1.62954820977931
"446","+",-9.11569634847915,2.86516667159133
"447","+",-5.17959192588347,5.60042327880175
"448","+",-0.708901512749106,9.74319639111988
"449","+",-7.49159068935072,0.0601385381451617
"450","+",-5.36460862615835,3.05559972712466
"451","+",-7.46186734862897,4.23241209859238
"452","+",-4.53761105911671,4.40660632910739
"453","+",-6.93123764624273,3.1040704333022
"454","+",4.46233330785996,2.64521304511726
"455","+",0.316257264020154,3.24569006504138
"456","+",-7.64173307573284,4.31671938981889
"457","+",2.82020646463485,6.58536975385139
"458","+",-1.73728490596725,7.26852644825832
"459","+",-8.15288051982981,8.75211518647709
"460","+",3.97656256553638,-2.5227209662558
"461","+",-1.67645282001632,7.53162312752985
"462","+",-0.647479553374121,3.07175750663321
"463","+",-0.352308279639627,4.49814034161792
"464","+",-7.21755333329216,5.3396430614975
"465","+",7.03507737621583,-1.58621474519307
"466","+",-4.60242152572356,1.81097467254937
"467","+",-1.69816511548215,9.84080777790994
"468","+",1.84546883205989,-2.07421892959801
"469","+",-0.271555555841287,0.0791052285140523
"470","+",-0.478793213841099,3.58532991277885
"471","+",-1.66103361158867,5.20750617207001
"472","+",-4.19315525686318,10.1535867380047
"473","+",3.53757967805658,3.30366808308941
"474","+",-7.08194980885346,9.20160644134119
"475","+",2.00444274516791,4.12329635240592
"476","+",2.89747823443584,6.18365401506972
"477","+",-5.33035799091352,10.3056286326659
"478","+",3.26324514037472,4.61875626584198
"479","+",-6.83489479024582,5.51544398129174
"480","+",-3.15894656683975,7.50896232828843
"481","+",2.72570271726471,5.88646327427652
"482","+",-3.37720781278722,5.79096199985841
"483","+",5.67394141602731,1.04810034811828
"484","+",0.456478065252855,-0.543530002396849
"485","+",1.63616001503828,4.17810196076207
"486","+",-3.37180042040823,8.40567716278891
"487","+",-1.18007381737082,8.06254987110582
"488","+",-2.08330183629855,8.79191112283633
"489","+",2.96095260780116,1.70195566298338
"490","+",-3.23189963917269,10.8327546737514
"491","+",-4.6950310564878,5.35326457277207
"492","+",-1.21197521096984,2.09770029181021
"493","+",-5.51835937347581,8.8275549894528
"494","+",-2.08573676525599,7.91527047704799
"495","+",-4.16385695143996,6.61554288642192
"496","+",-6.6494283429779,2.8411326138789
"497","+",-2.19235602022019,7.74108453145963
"498","+",-1.93673088117105,9.40171558718612
"499","+",-9.12880658689805,-4.38942111769793
"500","+",-0.859658811165612,8.97147553126214
"501","+",1.96352614634589,2.49373389447288
"502","+",-2.47688386719984,3.64192227584514
"503","+",-7.15763649018525,1.16172411221018
"504","+",-1.67362976987801,9.73753462515291
"505","+",-9.94109636167176,-1.88797285989159
"506","+",1.99778156151462,2.97450006397334
"507","+",-5.65868595989894,7.23776547305421
"508","+",-2.80970339520153,6.31910952965132
"509","+",-5.8830813933524,7.11789903454205
"510","+",-4.79375008009419,1.69102972947906
"511","+",-2.9630728408959,-1.74414605978892
"512","+",-6.48792306143576,9.9318673961816
"513","+",-4.48160725418823,5.87244980498699
"514","+",-1.41338148469578,3.70160386879044
"515","+",-9.69166517899731,-3.40854032510911
"516","+",-3.28163239819925,6.34241380137368
"517","+",-6.16918603553382,1.48916191031688
"518","+",-6.81645570287173,4.42060198968964
"519","+",-2.22972393509025,4.50843088250463
"520","+",-6.7840286856678,5.59595372803094
"521","+",3.62193418492319,6.14480976498969
"522","+",-4.65538980775449,7.16951041263058
"523","+",-3.82904227574242,4.72102164694481
"524","+",4.31165621992515,-2.52569835142191
"525","+",-8.4633526290554,7.16942686937308
"526","+",0.950968227279007,-0.470707171094144
"527","+",-7.34186163344207,3.68722293498277
"528","+",-2.24321554989181,3.26686297779888
"529","+",3.98174080263013,1.93760651257096
"530","+",-10.3331575369062,4.96647705368334
"531","+",2.79668176434658,0.758643129747122
"532","+",-2.24522382404014,8.02031359034594
"533","+",-6.53348789082073,8.1775143367274
"534","+",-7.63692444499254,3.42518664267647
"535","+",-2.79317227461095,3.82792224410528
"536","+",-2.30558701724617,5.75184208986647
"537","+",2.58805385165307,6.66004579786557
"538","+",-4.85183202294114,7.85752518668184
"539","+",2.28912967201737,-3.88577059969631
"540","+",-7.11113467669267,5.27428872275879
"541","+",-9.38935799111787,-0.534607939455732
"542","+",4.22937923963136,-0.246182655353828
"543","+",-5.82096613081763,2.74118723430792
"544","+",3.81570153050863,4.31530983593468
"545","+",3.62002901793281,-0.350435001404507
"546","+",-5.87275971624456,8.23585461281375
"547","+",-8.2715626017384,-1.56402193319222
"548","+",-6.70093901521325,7.32763849171805
"549","+",3.11827182550884,6.19678851818767
"550","+",-6.59184053418804,-3.15723177001054
"551","+",-6.15634823518131,6.88106837257691
"552","+",-8.09681786193643,-0.850328856128597
"553","+",-9.45916878515211,1.80985642851528
"554","+",3.59140416522985,1.18538628635749
"555","+",-6.36317454376826,0.111526312387059
"556","+",-8.61356362061943,2.1651059500941
"557","+",-0.425060932433615,4.26054903529523
"558","+",0.325990581600097,2.70004802728027
"559","+",-4.36912212398954,4.8080812925337
"560","+",3.29663927942664,4.08002021066444
"561","+",-6.31653066865093,-1.63960882737411
"562","+",-3.97919797590339,-0.27077022359597
"563","+",-5.86703360825969,6.75418579551968
"564","+",-2.29650660531309,9.12848208780224
"565","+",-5.44819375095195,-0.57111145242948
"566","+",-1.92072591696938,7.93419975722124
"567","+",-0.341820018389764,5.3476028025003
"568","+",4.10427739232441,2.23458555362147
"569","+",2.51196273729519,-1.72576389840701
"570","+",-5.78298559614582,7.47475695642187
"571","+",1.76603857382599,3.93976492904982
"572","+",2.52951399601883,-1.13426947715416
"573","+",-4.5090845080431,-2.00856355398187
"574","+",-9.16484129884439,1.28038556475625
"575","+",-3.20576346524556,6.76897737140539
"576","+",2.92302606516225,-3.54423380779849
"577","+",-6.3773068189447,-2.50180788783124
"578","+",-1.9640533135114,6.74764885102803
"579","+",-12.0216783765114,0.506271810528269
"580","+",-1.21707839401494,1.81991276222106
"581","+",-0.469908397834136,5.47833261181637
"582","+",-0.627755817121215,6.40696656313428
"583","+",-4.79856380133607,0.85587204723368
"584","+",-0.893616933101962,4.29383005830397
"585","+",-4.54529375530401,4.98677705842622
"586","+",-3.8925559813787,4.17513102374784
"587","+",-3.04377466963759,5.07493363745483
"588","+",2.51731977129097,0.56976344425573
"589","+",-5.28105041098062,5.98983617223292
"590","+",-2.92422425672276,8.56023607546061
"591","+",1.37614270871976,5.33486358976625
"592","+",0.927141833184359,-3.92848750447993
"593","+",1.45361601603143,3.86493132809457
"594","+",3.82561590544296,5.72743931116532
"595","+",-4.76519882204875,4.97920525416201
"596","+",-4.45764806161872,5.54779507233684
"597","+",2.37560689329977,5.44321895459279
"598","+",-6.41570767961668,6.6448597536999
"599","+",0.441237983514633,3.65206560631544
"600","+",-2.46092180294592,7.36699347941539
"601","+",1.0531595245492,-1.74500103706062
"602","+",-1.92846275549877,7.13005874643931
"603","+",6.52547247288618,-1.4153338799452
"604","+",0.981031028844874,7.25177152312976
"605","+",-7.28288710027649,9.15351366509008
"606","+",-4.06745416519379,2.21561149418436
"607","+",-2.45545337782427,4.38721987486652
"608","+",-2.53713384740819,6.55400874467924
"609","+",-2.32120502181892,8.6895807998653
"610","+",0.681265677815496,0.868955999735166
"611","+",2.19080849631554,7.05537692433712
"612","+",0.391364185617114,9.91424296631316
"613","+",-5.77655636424624,4.91280659816899
"614","+",-0.612402956214759,1.23139745503848
"615","+",1.31115550397179,3.32173621331181
"616","+",2.60017486340582,13.0360163716921
"617","+",-4.49039550377257,4.57827878641461
"618","+",-0.430186154514634,5.79508171835746
"619","+",-10.3709303182547,6.83118221402299
"620","+",-6.85028464347494,3.91262979353754
"621","+",-2.28830108898427,8.63321629222383
"622","+",-9.02078145001867,-0.853136235695486
"623","+",-0.0716349113400356,3.5267068606161
"624","+",-9.03157215754075,5.5628868983824
"625","+",2.70417488308477,1.46006004964167
"626","+",-2.59598079314677,4.32898769868824
"627","+",-1.93962434212636,6.76675738690411
"628","+",-7.3758613845177,3.49901687376927
"629","+",-1.60539183687026,7.64934553515483
"630","+",1.23180285716409,0.432786849084501
"631","+",2.44573290404187,7.897601922871
"632","+",-0.858462093138701,-0.141820145389693
"633","+",2.30750759829083,-1.97120280512495
"634","+",-5.07845804323867,7.57564103512587
"635","+",1.60182587787159,-0.858922924159286
"636","+",-1.3333147533325,11.9023768302601
"637","+",-8.93043801461561,2.60631498281246
"638","+",-4.05940402515536,2.64090196264525
"639","+",-4.3548163350574,7.94182670196261
"640","+",-5.2356290842348,4.52973537724614
"641","+",-1.86468638351724,5.0842923812706
"642","+",-5.22495652565774,5.48969490158307
"643","+",-9.48321506537773,-1.54103272186539
"644","+",1.33222812550441,4.46805827065965
"645","+",3.37338406641557,0.616516990225521
"646","+",-9.7483343844783,-2.34013611793528
"647","+",-3.73394003462414,5.84424946761952
"648","+",-9.87149440207227,2.05086544905742
"649","+",1.41747042387327,2.13856440741931
"650","+",0.707918552697152,0.607031728735862
"651","+",0.0357431250785436,5.6068865494174
"652","+",-3.88623431996235,6.68964912795481
"653","+",-1.86046997334754,2.10069801786296
"654","+",-0.604637586006858,6.64370959849687
"655","+",-1.53151462356227,7.23388430000359
"656","+",-1.02938464592935,8.47889055208468
"657","+",-4.93010926933668,4.16310467375221
"658","+",0.212408058544973,6.34384644701534
"659","+",-4.72746357796794,7.03319006582813
"660","+",-7.8056216040161,-1.10589183447279
"661","+",0.574789769779217,5.99653561633111
"662","+",-7.7222196711886,9.32158611393494
"663","+",-0.716468855360454,-0.326406479757324
"664","+",3.60927211318968,-4.87885481344563
"665","+",6.70574950002593,5.6762093148023
"666","+",-4.29107692990037,4.15965200406143
"667","+",1.59367170306841,6.71489969599371
"668","+",3.05303728152476,2.94600054742505
"669","+",-7.91530982292094,5.18448625249683
"670","+",-1.93427703187675,6.11091739616868
"671","+",1.39229162339041,2.50197793589681
"672","+",-0.317154916252737,7.8105406173305
"673","+",-6.9188182020992,-1.82654914053153
"674","+",0.645939063960242,7.18642905073908
"675","+",-0.103096087714835,-3.11222620722353
"676","+",-7.70565891170395,1.85373036546828
"677","+",-2.38587844836733,7.73217956870813
"678","+",-3.80062594322813,5.55434116097221
"679","+",0.140095298032019,-4.1162672572488
"680","+",-3.16322432112998,5.23720287503345
"681","+",-6.91126122932716,5.43040658228464
"682","+",-3.71950401871825,9.07903796335338
"683","+",-2.72916816021586,1.63892978274362
"684","+",-12.0029642307839,-0.301085957280284
"685","+",-4.67043138703173,2.0146847983692
"686","+",-4.45149329035312,9.64559074185379
"687","+",1.40365347657832,7.90553186310989
"688","+",2.18787200725281,-0.0768408754254071
"689","+",-8.97750615773134,-3.92638324509261
"690","+",-0.954784422938338,7.29464086792637
"691","+",0.750906472106283,3.2557034254999
"692","+",-4.60709098758991,2.34018467279199
"693","+",4.58592794351051,3.79708554760354
"694","+",5.73680465605934,2.52231264442212
"695","+",-8.89484341219251,6.42900929780667
"696","+",-6.34430209633586,0.220264079742042
"697","+",-8.81074183233891,4.09911570412653
"698","+",-4.73523209163335,-1.32930181497385
"699","+",-7.46199500054323,-2.20598330158959
"700","+",-4.37178812382338,9.26483297878409
"701","+",0.979132995026631,2.65714191805011
"702","+",-5.30609306855419,3.01490598878208
"703","+",1.63434644968983,5.63992173892776
"704","+",2.44098083912276,-3.18480989758997
"705","+",-1.36503620292614,4.85265924851737
"706","+",-1.46958762538195,5.10918160601742
"707","+",2.44968075414502,8.33090610717642
"708","+",4.51809159513848,3.61888357193715
"709","+",-1.96703447738176,4.09585667097594
"710","+",-4.75306612646579,5.03600954286996
"711","+",-3.06286971017155,4.06478643023335
"712","+",-3.24251279872983,6.35737251079383
"713","+",-7.76571980307627,1.42243991893288
"714","+",-0.182342437591147,3.43981185090921
"715","+",-4.50312412053368,10.1317160794389
"716","+",-6.03729157004685,5.98512577840863
"717","+",-2.06979420574072,4.12256483611354
"718","+",1.42132639831018,4.93584733753727
"719","+",-10.154149286535,3.69868655548208
"720","+",-4.78394797352938,8.70575660596183
"721","+",-5.72385512733956,6.59586051675564
"722","+",-5.28248745455055,4.78197714876622
"723","+",-2.51846144620828,5.82639466565039
"724","+",-6.80792680623721,7.27261539100457
"725","+",-5.73696879449651,-2.40075010184251
"726","+",-2.69911458591886,4.96425734204796
"727","+",-2.8078446747187,3.5542743022762
"728","+",-1.47848313982549,6.61772291510936
"729","+",1.50799341552875,8.05600232067155
"730","+",-1.13119261483141,5.29196602413234
"731","+",2.72101067950822,1.82006493489578
"732","+",-1.97084692925587,-0.300315927189444
"733","+",4.20143971916677,-0.388116377277516
"734","+",-5.35034331704815,7.84899459344988
"735","+",-1.04904750099917,3.22893982893915
"736","+",0.682694150404195,-2.83357797951774
"737","+",-1.54692739616811,6.87840709147693
"738","+",3.92530412533718,3.44578925349968
"739","+",2.19787415141198,3.1162179013135
"740","+",-0.615982765117489,9.03577668145693
"741","+",-6.88011176327448,1.55130308124322
"742","+",-6.18584862486642,0.875722710022527
"743","+",-5.11894030983483,7.08669876246369
"744","+",-4.60523447862421,3.0572997210904
"745","+",-0.578643152676118,2.01367077241781
"746","+",-6.08079897774306,3.92472373179127
"747","+",-6.73852815309789,-0.190962351237128
"748","+",3.39850248867125,1.68399322307085
"749","+",-8.88217065041953,-1.61641610760171
"750","+",-4.80624923270416,7.44580302868113
"751","+",3.92968822947326,1.24305969620065
"752","+",0.768327591731293,9.2429029151235
"753","+",-9.76630387812325,2.4889291959627
"754","+",0.143378730652408,5.24936397956739
"755","+",1.21873809977151,7.19226611343944
"756","+",-1.82648111477599,4.19464848261353
"757","+",3.9794870090289,3.71737237616365
"758","+",-1.06480999506953,4.93430216447591
"759","+",-2.53736194081863,8.98893484930676
"760","+",-6.59900052416815,1.54196167512961
"761","+",0.189005136888899,3.88984642414577
"762","+",-0.653830474774723,3.80336502123908
"763","+",-1.87414793677007,9.47885018479628
"764","+",-2.47877877048806,7.06829945661101
"765","+",3.10827046060395,4.39331575368379
"766","+",-3.35664148765908,4.56999228580732
"767","+",-3.47492122700336,6.87619984012
"768","+",-4.81114615209845,3.77973879837293
"769","+",-2.74550201255351,6.80488605015415
"770","+",1.76991894422495,3.01273170111208
"771","+",-4.36363502615202,8.17127436471216
"772","+",1.10476917747732,7.00468967463469
"773","+",5.19569403128207,-2.18743542760684
"774","+",0.242509649979371,6.66332783711868
"775","+",-1.19794192604287,6.00368858117516
"776","+",0.964885586354963,2.21838048798219
"777","+",-3.97140222260136,3.41609719431405
"778","+",0.758988804009325,-1.80805708880113
"779","+",-0.0320849204103917,-3.88221938335494
"780","+",-7.52385746330768,2.89216929842196
"781","+",-6.55409404136016,2.97150969915602
"782","+",-1.6382516410203,9.62369574055824
"783","+",-3.0026064719359,7.94336939352548
"784","+",-2.4391373140806,5.18757687127759
"785","+",-4.94168925934302,-0.411499056922108
"786","+",-1.1281914230479,4.64149260463363
"787","+",-3.92572485645325,7.13820962438284
"788","+",2.73840289642183,7.75512595415022
"789","+",-2.42804905970137,4.60805129341314
"790","+",0.316423643228994,4.64944861897096
"791","+",1.25480192159895,5.23684223004396
"792","+",-2.35014947762031,8.42246572613855
"793","+",-5.30074731376277,-2.16891691568218
"794","+",-4.72281623023397,5.53668831357816
"795","+",-6.35481372607003,1.43049567557156
"796","+",1.24487411937093,-0.154359935194968
"797","+",-9.17219019456256,-0.665262832072674
"798","+",3.80880939465406,6.91165834376539
"799","+",-4.86735622062933,7.688582245591
"800","+",4.48872144072505,1.19227610013711
"801","+",-7.51968601105348,-0.347636821051622
"802","+",0.857338517518928,4.0465997654258
"803","+",0.524907862856145,7.10124305884667
"804","+",1.63444923150409,-1.25323843451898
"805","+",-6.10077132285903,-2.21001694673699
"806","+",1.92385234572973,9.54001520679894
"807","+",-10.0391096097692,7.09946577580186
"808","+",1.80463079937375,1.85181963182179
"809","+",-0.265892103623152,8.21663817037085
"810","+",-4.57229595920377,6.15448060780503
"811","+",1.31922142767318,-5.44590299462413
"812","+",1.02902199218368,2.788024680306
"813","+",-2.97319862609028,4.22544321286425
"814","+",-7.3346653767875,6.28003734295098
"815","+",-5.71675328009866,9.33996637786133
"816","+",-5.76488398978915,5.12892767434953
"817","+",-2.29659361135531,5.72225259264446
"818","+",-2.02694976149832,10.7170451619222
"819","+",-2.39246442734775,8.08775583572222
"820","+",-6.33200592984069,3.64608380810173
"821","+",1.80257979849851,4.57326972064881
"822","+",-6.01067394691168,4.80289758245956
"823","+",-8.21378897929053,-3.61118313295352
"824","+",-1.3152804057345,3.58928350118808
"825","+",-5.62290226530236,-2.59626409229472
"826","+",-1.0973376686946,3.70091460682779
"827","+",-5.53612817018461,-0.340880075908238
"828","+",-9.34372080697661,4.41348673153719
"829","+",1.08645859590195,4.88184569258663
"830","+",0.595099502625744,6.21787128295218
"831","+",-7.87283515763267,0.0445777930991889
"832","+",-6.49820362695087,-4.65693404689585
"833","+",-3.57186650755917,6.26231872849847
"834","+",-1.33562954201389,8.70374258664033
"835","+",-4.84126520984343,-0.686420361378554
"836","+",-5.90564571206079,3.14313360047157
"837","+",2.45426259902679,4.54153794367494
"838","+",-7.69300685767007,1.77925001040069
"839","+",0.0635638117175941,4.3024221250293
"840","+",0.375402116817452,3.65416784267089
"841","+",-7.40849260238015,3.39145343174115
"842","+",-9.0962724150984,0.647666050932129
"843","+",-2.04283979049257,9.03940959913726
"844","+",1.69998917871418,4.61108397100997
"845","+",3.09573152942628,0.190529536854618
"846","+",-3.42173991469016,10.0363415257845
"847","+",-6.57152360156312,4.29210748187517
"848","+",-8.87353196642178,3.09413824202145
"849","+",-3.85932624660709,4.58615472255404
"850","+",-2.67974767412019,6.58736914324172
"851","+",-3.12552400177983,6.9250704146507
"852","+",4.50025836511939,5.43651669057193
"853","+",3.47626455490098,1.66466275417184
"854","+",-4.15707105259673,6.84942621534402
"855","+",-1.58699616339629,9.42222622714248
"856","+",-3.8702247754219,7.30532597990524
"857","+",-5.74814161254031,1.62767291279498
"858","+",3.79898680695674,0.50588225689748
"859","+",-1.4278848123091,2.8243362905502
"860","+",1.39195488113719,0.329826325336271
"861","+",4.243216882457,8.01483143727685
"862","+",-2.96983959295701,3.6765273331098
"863","+",-8.57742851871677,-0.280915032004602
"864","+",-5.78029198028335,1.93971191914346
"865","+",-6.59156739198722,-1.40418952321389
"866","+",0.996354365760416,10.4899965107368
"867","+",-4.86112625396192,8.21186511577591
"868","+",-2.80532920146579,9.99546935573682
"869","+",2.10695910436409,1.912873709268
"870","+",2.27625689497329,-0.047984791606996
"871","+",-1.74456230847341,12.9212579858282
"872","+",-5.04522508266478,4.44277318220807
"873","+",-5.68977348138545,3.10805927895638
"874","+",-1.29096269701763,4.38061014986414
"875","+",1.82688907997259,1.71028967759031
"876","+",1.18274672367005,4.97385165406294
"877","+",-4.50760633563014,9.83630578005532
"878","+",0.718793222481088,-0.532113773751222
"879","+",6.53695775984196,-3.68420311828705
"880","+",2.4398324670064,6.93647939329079
"881","+",4.02138684391017,2.57421169210464
"882","+",1.95203311650714,-0.262214332055956
"883","+",-4.62600427834318,5.11501218582679
"884","+",1.92078454104156,-1.56114365816392
"885","+",-6.92678903620218,7.10783066956019
"886","+",-4.19690584955613,5.1075696697389
"887","+",-5.48055926034536,4.34029463026852
"888","+",5.05021205418007,4.02664171884027
"889","+",-8.95094481506958,0.034333933737037
"890","+",1.27914376237656,4.35774676072893
"891","+",0.0636909049934302,-1.52383111621144
"892","+",3.46206976509951,-0.0279525833101433
"893","+",-4.83546928772837,-5.2208536692568
"894","+",-5.26068885202095,3.27809221347985
"895","+",1.55263867472064,3.36171212393183
"896","+",-1.0985307244742,5.91719331442412
"897","+",6.95384919855218,-0.135055909046497
"898","+",-7.25125479908275,4.78539198391657
"899","+",-4.90329461786331,2.7691055402344
"900","+",-1.7033494452539,7.44510971251301
"901","+",-2.09913406058136,6.39432854520904
"902","+",-5.7347483848905,9.65726948614182
"903","+",-2.82611975223825,5.30276642828988
"904","+",-5.1607614289475,2.35224604073977
"905","+",2.91942174011212,-3.04889786230823
"906","+",-6.96651962240152,4.88918993901446
"907","+",-7.3374509985037,1.00780801942747
"908","+",3.21405919481657,6.78904443443935
"909","+",-8.36755940360575,5.71047285257243
"910","+",-6.67068265023659,8.15384673080448
"911","+",-8.61452456276225,-0.940011792091298
"912","+",3.71298802170537,0.516563268089311
"913","+",-6.66336434681725,-1.96600176457016
"914","+",0.0179251782591414,4.81832807594218
"915","+",-5.39514779851902,6.63576897065521
"916","+",-6.78448214682674,0.000780282573228597
"917","+",-7.08363409028407,6.58593407490303
"918","+",-7.610218855203,-3.14749257574733
"919","+",-3.90776138618936,4.54690348968499
"920","+",-0.293202789288186,2.57999142993445
"921","+",5.26575052692676,0.853359165144871
"922","+",-0.0236120474836437,9.27821205939452
"923","+",3.1238290892908,-0.924776544924863
"924","+",-4.89591516443247,1.34461897909905
"925","+",-2.24339009508083,10.8003772646875
"926","+",-3.47478656207263,6.83331050763773
"927","+",1.2508513676856,-0.0168848412497082
"928","+",-0.767669824624404,5.44233159872935
"929","+",-0.471568772488064,9.25151805066822
"930","+",-4.12480650146884,10.1060537671328
"931","+",-1.89786314044653,2.36580830644845
"932","+",-0.815680400830842,8.01393255609477
"933","+",-6.3698284288262,6.08225365808626
"934","+",-0.526094472498084,2.10150805034369
"935","+",-1.76942204673398,6.28431868365573
"936","+",-4.07155191666089,5.87287563881811
"937","+",-5.08945283697963,3.24212646098449
"938","+",-6.99539576175357,6.83471243990047
"939","+",-6.53841605396537,3.20687641526518
"940","+",-4.19661968221286,6.17421298047828
"941","+",1.37977172734036,0.674661614669049
"942","+",2.61260550783983,0.862734262626127
"943","+",-6.54161349431596,0.137650828169883
"944","+",0.0278726465266062,9.46436348185122
"945","+",-1.93520239803505,6.69144941453439
"946","+",2.01034520081381,1.21973613352033
"947","+",-9.73676360515326,5.57870205382713
"948","+",-5.44271212722329,8.5094965577078
"949","+",2.05831330169565,-2.07192276019003
"950","+",3.26974583879366,6.45083305140846
"951","+",0.765855550399684,6.91019929467941
"952","+",-6.70185502840231,1.45455648957068
"953","+",-3.2057747295812,4.31012535733223
"954","+",-6.94334057220231,5.28248035916424
"955","+",-7.66325363667243,4.1534550011047
"956","+",-0.555736632386304,2.6690710777079
"957","+",1.82982067458593,-0.386776137557715
"958","+",-3.103610248813,7.35492703712398
"959","+",-1.97496875413647,5.14157674690778
"960","+",2.51379412836642,6.82275293998993
"961","+",-1.47585371129564,6.12786086118424
"962","+",-4.50862582795619,-3.3172584017981
"963","+",-2.066251905291,7.20663896834127
"964","+",0.845109576346925,6.14193874850097
"965","+",-8.35580694852953,-4.30404150154109
"966","+",4.3333412870131,1.676709509645
"967","+",0.00438103944986468,-2.91814225336602
"968","+",-10.0928034990709,6.3852728754423
"969","+",-0.375302087847482,8.70362736422315
"970","+",-10.3661408331505,0.256676513972504
"971","+",-3.13619775168492,9.90615004281444
"972","+",3.83123557034413,-3.0234963030634
"973","+",-3.12706131250955,-0.357524208463285
"974","+",1.70317089266441,3.43596468120624
"975","+",-4.28227799409552,8.50788936289781
"976","+",1.24367885809543,9.91517202632862
"977","+",2.36226151125555,2.47567066924678
"978","+",-4.6898048263285,-1.58080443771667
"979","+",3.0137137503048,2.69041524760574
"980","+",-4.93541788308915,7.15691055939042
"981","+",-5.18937168428964,4.73084348985625
"982","+",-4.30821870947019,4.70984011060149
"983","+",2.86264460343406,5.65598614239835
"984","+",-7.83589222926849,0.798890716475399
"985","+",-5.63867527382153,3.83145640811404
"986","+",3.47777241006078,-1.9261848236185
"987","+",0.46802752323747,-3.61967555133245
"988","+",-6.52514537836053,0.98377003669774
"989","+",1.47110697780323,2.04331464593731
"990","+",-9.01760222604761,7.89740141949972
"991","+",-12.8774685940056,3.2182390485717
"992","+",0.45906413044253,4.56360094720444
"993","+",0.377832585354476,6.68255939589437
"994","+",-4.5864547248542,1.18040694841286
"995","+",-3.96616816846633,2.02759187483775
"996","+",2.32667240157501,2.14514904394402
"997","+",5.19739847443984,-4.29297380957991
"998","+",-8.7268710044571,2.62103426513212
"999","+",-6.18745866735363,5.81646886366676
"1000","+",0.850506816691287,8.77912579441223
"1001","-",-4.85885590351261,0.314223438745819
"1002","-",2.90863683170527,-6.38412229555378
"1003","-",-0.813674542392672,-2.16760541382404
"1004","-",3.86992470311478,-1.04870916757667
"1005","-",1.98603921454219,-0.19220299095858
"1006","-",-0.421903988424812,-6.28396520243555
"1007","-",4.54327174959043,-7.56929193001101
"1008","-",3.46863813867169,-5.51652332023615
"1009","-",-0.356937904434528,-7.25764417454767
"1010","-",0.0912194941495716,-1.06677073714535
"1011","-",4.08742108083523,-2.11219366740132
"1012","-",-2.31988580599228,0.265732250513413
"1013","-",5.17408042141947,-4.11280716856313
"1014","-",-1.02706922484447,-5.15192214386156
"1015","-",-0.311686131825399,-6.50315696921924
"1016","-",9.61038910579506,-1.1584504413114
"1017","-",5.44245572593551,0.293323311372695
"1018","-",0.517110498032137,-5.34273966328467
"1019","-",2.28328992629596,-7.25604039050103
"1020","-",-1.03950008599491,-1.03039409733121
"1021","-",-0.813590832069298,-8.53039196134172
"1022","-",4.62820057644737,-4.42534087514603
"1023","-",0.924245248441985,-13.4500091273639
"1024","-",5.16293774484075,-6.09123812931836
"1025","-",-1.26192970866733,-8.96068348245043
"1026","-",0.806679377754326,-9.71400296144227
"1027","-",3.331495250804,-7.63701524581987
"1028","-",-2.48821492062509,-6.52519128709049
"1029","-",-3.38198092449155,-4.42503270324205
"1030","-",-0.676385514258316,-3.53774775136156
"1031","-",5.23262569125485,-1.18303426371922
"1032","-",-3.9598237557823,-6.08997948344709
"1033","-",9.8087841660024,2.09252807258688
"1034","-",0.490415586626762,0.131206744119513
"1035","-",-2.57809490895381,-6.0825985178273
"1036","-",6.97332960305068,-1.97218896017125
"1037","-",-0.84489964237484,-12.8280348681255
"1038","-",4.92856722810572,-3.88505476602758
"1039","-",6.54129709501836,-0.671007396126121
"1040","-",5.3594637475997,-9.42731706875017
"1041","-",-2.49014601261579,1.50588460907462
"1042","-",-4.03555858633159,0.446819404362794
"1043","-",-1.06718530884669,-9.32920153989246
"1044","-",3.12272691639449,-5.86289058246228
"1045","-",5.78722760932337,-4.83702214671964
"1046","-",6.15766832719801,-0.191809908461966
"1047","-",5.48999593831668,1.50318136404937
"1048","-",-0.104278912300209,1.43864559054524
"1049","-",5.16828100272321,-6.1360938393896
"1050","-",1.09828119135267,-2.27647318237933
"1051","-",5.66541520102433,-2.63541931089574
"1052","-",8.34711050621097,-1.85131794033376
"1053","-",-2.98016796163465,-2.95827696102823
"1054","-",5.62743353548297,-6.98527051395061
"1055","-",2.41148787813202,-6.79927123222202
"1056","-",-2.95451776403004,-0.695112182406324
"1057","-",2.00017790981854,-6.60661351530171
"1058","-",4.42376460897118,-9.2597804884623
"1059","-",6.13587926563557,-0.998471694479329
"1060","-",4.81396537284786,-6.19863623873201
"1061","-",7.05127448091233,-1.8188277187761
"1062","-",4.02128937230201,1.23171607805397
"1063","-",0.531068310570094,-8.43261724086023
"1064","-",-0.558997511813722,-6.98045640486317
"1065","-",8.90153191081935,0.0801391313536568
"1066","-",8.92184963671236,1.55685325916582
"1067","-",-0.0148553502516429,-6.6077534767262
"1068","-",1.35194291901678,-4.54685631541717
"1069","-",-2.62625460070904,-5.16829479035815
"1070","-",8.98304832787011,-7.98955756545931
"1071","-",-3.33413011515512,-3.28723806092364
"1072","-",8.3259633979268,-5.76613707140962
"1073","-",0.734469716109455,-4.07887923525886
"1074","-",5.54099966629682,-2.91760956830596
"1075","-",0.0265398735222577,-1.99325911216437
"1076","-",6.51072390756501,-3.06598906974133
"1077","-",1.62743123005899,-3.23887637434122
"1078","-",2.92460738357156,-2.75646952354077
"1079","-",1.26974122654567,-10.1815313296078
"1080","-",-1.24522742968354,-6.64189573879887
"1081","-",5.14264936623905,-3.5736990736706
"1082","-",6.12857522946961,-7.180009367499
"1083","-",1.70994711146395,-1.93439558594734
"1084","-",6.73874279588422,-4.57278198859945
"1085","-",10.2949204848926,-1.33442633120089
"1086","-",4.39593135411186,-4.25674785807909
"1087","-",8.29564447880612,-2.62972701021954
"1088","-",-3.92672093119081,0.674264344351034
"1089","-",5.35760962602534,-2.9024588153691
"1090","-",0.200800658975683,-4.11354699816962
"1091","-",-1.10226849104929,-2.2835924423502
"1092","-",0.645611089343705,-1.70965355828665
"1093","-",5.64508049615029,-2.58774824894475
"1094","-",-4.79434479968601,-4.7928734426829
"1095","-",4.42701069211104,-7.33765866080894
"1096","-",2.09362999318949,-3.54689918502562
"1097","-",7.83501219574785,-2.33839542604206
"1098","-",5.71072264025566,-5.1924995945159
"1099","-",-3.36056607805321,0.339420944481198
"1100","-",9.44618950579846,-0.868076124463059
"1101","-",-2.13584282348118,1.82295205526475
"1102","-",0.134003735247419,-5.80037325631574
"1103","-",4.60449102036303,-7.06253838310345
"1104","-",-1.65646169854207,-0.156140818661582
"1105","-",4.01191973900264,-1.71221244158117
"1106","-",-4.67270296952463,-6.95626165847948
"1107","-",-3.67168578914577,-1.60789208698183
"1108","-",7.55168227929333,-1.32885691625629
"1109","-",-0.0671085772405211,-1.30756661794206
"1110","-",3.42071351006164,-5.69144074315879
"1111","-",-2.24962285603304,0.482460016191041
"1112","-",3.91276565425324,-6.01818925251578
"1113","-",7.36554592772632,-3.28388810060475
"1114","-",7.83268151499196,-6.09103487906747
"1115","-",1.66890785115887,-3.9781483026349
"1116","-",6.87946092032685,-3.39953530196433
"1117","-",0.834644979235504,-7.26401684401835
"1118","-",-0.17343177192835,-2.88308072270237
"1119","-",2.47110735182058,-7.13019164344635
"1120","-",7.9268797474016,1.81707492120937
"1121","-",-2.11103575627221,-6.92081674301598
"1122","-",5.34800719855743,-5.87112389309151
"1123","-",6.55440569265114,-3.92354934752796
"1124","-",0.0842860502350542,-3.56275303403006
"1125","-",-7.89147647555279,1.59198515666834
"1126","-",-2.31741011084577,-3.03082531318456
"1127","-",0.42918099699588,-6.42349202154857
"1128","-",-3.59594241650977,2.15855556130708
"1129","-",-3.2250372019323,-0.0510517577173406
"1130","-",3.83706031680946,-6.50156061908549
"1131","-",2.94175735589345,-7.13648946550179
"1132","-",8.6877650200766,-2.88809586125629
"1133","-",6.10226492351642,-6.94411435665893
"1134","-",0.420354254436087,-9.76140542817879
"1135","-",3.05592732442402,-4.6418796356451
"1136","-",3.30400789845427,-7.75554124297221
"1137","-",6.31950841568079,-0.362697446069765
"1138","-",-7.97992249516062,-2.87147091986693
"1139","-",8.09184504145693,2.06913566360652
"1140","-",-3.22632471385686,-9.13325486208605
"1141","-",2.28306320764843,-5.92819833892873
"1142","-",-2.08620509572816,0.633076497508528
"1143","-",7.56949656866366,3.92489747478752
"1144","-",2.23355402867947,-3.99351033759599
"1145","-",7.93201308119618,-3.05607445616528
"1146","-",4.15981262062396,-3.82984067348996
"1147","-",10.6120960217678,2.6353884240352
"1148","-",6.21051177849138,1.22845670277116
"1149","-",-0.920333375346954,-8.20335681715446
"1150","-",7.30124624088573,-3.20757878825775
"1151","-",6.36699354036847,-0.411647206143012
"1152","-",5.23853394710025,-4.41122510425705
"1153","-",5.31660842911348,-3.76490724285679
"1154","-",7.41556205018485,-5.40796879307987
"1155","-",0.0378757946312538,3.25522726399191
"1156","-",4.60843486155188,-7.07934497945389
"1157","-",4.89085100618942,-3.56106340825551
"1158","-",-5.00749974074438,1.79928885864205
"1159","-",5.34506067651836,1.40058205414732
"1160","-",0.106434460469581,-2.31848030216019
"1161","-",4.82100170205195,-3.13094479692752
"1162","-",3.50453888531858,0.583974142708278
"1163","-",6.06504548512507,-7.61709055470057
"1164","-",-4.46192489400693,-1.78841825044958
"1165","-",-0.336961423068002,-2.24368153708745
"1166","-",7.48832897993578,1.09139642839354
"1167","-",-1.21422490563414,-2.45743953991544
"1168","-",5.29236299738262,-2.53101853066431
"1169","-",5.38252103108827,-7.1913727914927
"1170","-",0.109596802851998,-1.02592779855109
"1171","-",-4.45657623111542,0.55997453164008
"1172","-",-2.14026552933754,-6.13512287560763
"1173","-",-1.96044197871445,-5.25790962402664
"1174","-",7.24680676372627,0.779198688596547
"1175","-",-2.70671774974827,0.709397573216387
"1176","-",1.86564620154877,-2.88920061978398
"1177","-",8.00306453971966,2.66345125508079
"1178","-",-3.1039793029807,-1.01341436626303
"1179","-",4.20228452281861,-11.6009544677371
"1180","-",7.51455055154288,2.12779998158662
"1181","-",4.36739324240528,-5.43342653080529
"1182","-",-1.05503185701423,0.510518140051828
"1183","-",-0.352793314635732,0.928302993820388
"1184","-",1.38738083098133,-6.73252071458533
"1185","-",3.27696907980603,-7.18850699762813
"1186","-",0.417491295139062,-10.1336212245412
"1187","-",2.74673211116745,-6.59817506591175
"1188","-",4.2386174682717,-7.22179883689688
"1189","-",7.1282080707336,-3.85883490688958
"1190","-",0.0582583250569806,-1.42624249647673
"1191","-",6.40218006387235,-2.25099055847451
"1192","-",-2.33797865104991,1.90938460835031
"1193","-",0.471903784335293,-6.21998367087521
"1194","-",-6.4082788198908,2.12873408993642
"1195","-",7.14998377278705,-4.11391296819894
"1196","-",-4.84514876189895,0.0531112162125456
"1197","-",1.87250599615164,-4.89063450443518
"1198","-",4.10118520294776,-6.97779431806343
"1199","-",2.44278125074672,-10.9314997641491
"1200","-",0.795155046069893,0.212427795842283
"1201","-",-0.0355958337903509,-3.82179667252732
"1202","-",0.954975089201799,-7.61486065003844
"1203","-",4.85924078383874,-6.83287691569588
"1204","-",-1.29555430154095,-4.51998394726439
"1205","-",2.50868204548823,-6.04050223428518
"1206","-",-2.22931638369061,-0.246320402182347
"1207","-",5.93468995346855,-9.25388730567718
"1208","-",3.77330098826675,-1.29575637746029
"1209","-",8.99670648047725,-0.176717104215197
"1210","-",4.22695799053409,-5.15302421471877
"1211","-",8.73706437960749,0.585080319494565
"1212","-",3.59818105520266,-7.79810713780095
"1213","-",-6.08711370199545,-1.21831743531932
"1214","-",6.24883191364004,-7.59737920251376
"1215","-",-2.27625049237371,-7.0948820205917
"1216","-",8.78296453035944,2.77940672252846
"1217","-",6.1705875036571,-4.19553447336788
"1218","-",6.98983215072496,2.09890533726774
"1219","-",-4.17136704946328,-1.59254510030663
"1220","-",6.21097262266757,-9.19346526407993
"1221","-",-1.2631807092511,0.933084178982434
"1222","-",1.26966367277875,-9.31655858618035
"1223","-",-2.53692612693763,-8.02479012661151
"1224","-",-1.32025921409165,-5.5702175933663
"1225","-",7.45965640337857,-3.89295731176451
"1226","-",3.41280179651166,-4.51647949641503
"1227","-",1.5908472630363,-2.56977495556356
"1228","-",4.71849816594069,1.5306096632286
"1229","-",7.77292109921365,0.496044940498826
"1230","-",6.96763769453056,3.99684231343323
"1231","-",5.02951669667286,0.264260500365196
"1232","-",5.70165155556139,-7.5683327897132
"1233","-",8.90650866658369,-5.42645562551243
"1234","-",7.3984794248664,-10.3430721677742
"1235","-",0.183141153359176,-6.0523426539248
"1236","-",4.20569496717758,-5.52301264193233
"1237","-",-0.0299095467034234,-2.6154052586164
"1238","-",-0.71953582467625,1.22358214015299
"1239","-",0.29802278616807,-6.19474131996417
"1240","-",-4.67406010987144,-3.27203570527465
"1241","-",-1.53736845124166,0.588605533166701
"1242","-",7.86034789909841,-5.21242480773731
"1243","-",0.24993821846513,-6.47709980587925
"1244","-",3.38235192190965,-4.06154394739317
"1245","-",9.4757135278072,-7.8165957147038
"1246","-",9.06124480820775,-5.46097866256636
"1247","-",6.34474864262841,-5.76940431596201
"1248","-",3.60242591986875,-3.80200894516599
"1249","-",-1.3889732290915,-3.99578014059134
"1250","-",4.23523422856351,-2.74144484381463
"1251","-",0.128357065699889,1.93204943784585
"1252","-",1.74106242474497,-7.40046215760252
"1253","-",-0.131066402882023,-5.78979439537783
"1254","-",-4.86456769901796,-6.9519693939024
"1255","-",8.16869311145296,-0.958406712747558
"1256","-",-0.0965930658970692,-7.03162615003531
"1257","-",-0.157816102689908,2.39821993490537
"1258","-",-3.85996359134158,5.13276319583752
"1259","-",0.404430816116448,-3.22492163186097
"1260","-",9.1382717005232,-2.54287140822855
"1261","-",-1.27620986904323,-2.12075278281822
"1262","-",-1.83900003292864,-3.30024022275414
"1263","-",-0.344474069245338,-8.57409086114741
"1264","-",7.35351960705808,-1.16730869968135
"1265","-",4.94527256676147,-6.39505771605811
"1266","-",3.54711358324419,-1.75035768548344
"1267","-",1.29688786946827,-1.61728562451422
"1268","-",7.46539645702874,0.441526074474668
"1269","-",-1.76011843068105,-5.92334172915193
"1270","-",-1.71552885119286,-3.10810873957313
"1271","-",2.20251683625793,-8.17524939655397
"1272","-",10.4650008086838,-3.31539818306375
"1273","-",4.73659957307573,-8.34953240747608
"1274","-",-1.96835646627335,-3.88091820798772
"1275","-",-4.26516684736906,0.504663109263588
"1276","-",-1.90238393118039,-7.83975826216529
"1277","-",0.728511975897455,-2.93699653170103
"1278","-",5.40466368855627,-0.885273724698993
"1279","-",3.25285427182353,-8.55069880458348
"1280","-",0.0724487748395128,-2.17846416867146
"1281","-",4.21932962190896,-4.74214755977845
"1282","-",3.03266305139718,-5.95479786145373
"1283","-",0.54897642375532,-1.35337266055726
"1284","-",5.37759265266554,-4.22186537061822
"1285","-",3.49668220954534,-6.35225626175807
"1286","-",1.62632662451282,-4.50695260556761
"1287","-",1.61663572012995,-4.85380150864309
"1288","-",5.34217597335711,-3.44489425186022
"1289","-",1.67785710482996,-2.30084070567994
"1290","-",-2.04170020801521,0.297785629956114
"1291","-",-3.86871659931709,-4.91844282158051
"1292","-",5.90126048028304,-6.01144900874934
"1293","-",3.13518101058348,1.55951287369605
"1294","-",-2.85603320084451,-4.38081000409062
"1295","-",-2.71272901197295,-6.8290308995449
"1296","-",1.13988272235091,-10.4316000543595
"1297","-",1.3613627837995,-5.68182682153024
"1298","-",4.35634924816436,-7.39810496810593
"1299","-",1.2089145775119,-5.07328505083806
"1300","-",6.2396317637182,-8.67718239789962
"1301","-",-0.911608893379344,-5.4556428595361
"1302","-",6.40310553624712,-4.02108182031725
"1303","-",-1.05875192303019,-8.5484413227211
"1304","-",6.86216106402962,-8.31096919016733
"1305","-",5.75034666158475,-4.66681497337083
"1306","-",-2.70285279144762,-3.73604448433129
"1307","-",-0.515962902385887,-3.49173415520923
"1308","-",-1.45412627797352,-0.857731305418927
"1309","-",-4.75267623602685,-7.08997155858956
"1310","-",2.19735989164335,-7.903847672074
"1311","-",5.78149076989445,-2.16588480455386
"1312","-",-5.3909997979643,-2.04557904916811
"1313","-",7.44812903332557,-0.52354035932194
"1314","-",2.19677466202471,-5.22169017288399
"1315","-",4.7349183355973,-7.22888434296511
"1316","-",4.76146346177588,-3.57367280842646
"1317","-",-3.05502166487221,-4.74223434033722
"1318","-",5.53939655305444,-2.78427162317905
"1319","-",-3.40901557923066,-1.28483309183421
"1320","-",3.16043310780564,-5.53500911583841
"1321","-",4.45769464364681,3.32604534920123
"1322","-",4.16656046738245,-4.24277710378862
"1323","-",5.62675554711144,-2.62523317588146
"1324","-",6.77054204480201,-0.885096176106295
"1325","-",7.05992001055869,-2.14959670287818
"1326","-",-2.25447967541077,-3.89633520879526
"1327","-",3.57560844980414,-1.41150207001496
"1328","-",6.63174152093252,-3.09308982946846
"1329","-",8.20364492275393,-7.25161896636671
"1330","-",6.34859924575308,-4.90999287321752
"1331","-",1.69154270926249,0.645845124493432
"1332","-",7.31095957495594,2.663894578259
"1333","-",0.398432284869725,-8.15783194089941
"1334","-",0.638772363256193,-7.08909573057019
"1335","-",3.06798211259474,-5.73840749654787
"1336","-",5.8645405712709,-7.29748235437884
"1337","-",0.992174497038439,-9.19809432311305
"1338","-",-0.216064978812704,-2.71538216164509
"1339","-",7.0705691999645,2.25898968509549
"1340","-",-2.20924688185833,0.441419928246737
"1341","-",3.6613694542967,-2.29867827675267
"1342","-",6.12618357626415,-0.809502993009685
"1343","-",3.17073286205561,-6.68590976782709
"1344","-",1.40158332445043,-6.79048735820333
"1345","-",-0.528577265866591,-2.73396420554586
"1346","-",8.56460808693709,2.61906561589347
"1347","-",0.80618759085428,-5.02609638584971
"1348","-",4.52868594996864,-7.27846266679591
"1349","-",-1.24958166534535,-7.12433973625833
"1350","-",-2.25404128858072,1.24176529282205
"1351","-",-1.72547054437808,-3.24873898380213
"1352","-",5.4940360657408,-6.26083263270369
"1353","-",8.07253112451186,-1.47157040548388
"1354","-",-0.718800881325531,-8.791429410656
"1355","-",-0.155619362485,-5.18308309793753
"1356","-",3.39385410105933,-6.02688536746221
"1357","-",6.69415013257563,-5.95387289360182
"1358","-",8.22721715363161,0.581964120476071
"1359","-",3.79498635877441,-3.51535101293529
"1360","-",-1.45734554779006,-5.98103496154624
"1361","-",8.1055552241584,-1.75289353074651
"1362","-",-4.71900966082577,3.97176719563869
"1363","-",-3.76157643964592,4.14020598420431
"1364","-",-1.50874634684649,-4.90698118189847
"1365","-",5.0257679498861,1.66352581655084
"1366","-",6.58069168944334,3.26542504581867
"1367","-",-1.28978822623449,-3.68828312467924
"1368","-",5.99987303133665,-5.44243366601151
"1369","-",-4.45629718834561,-5.60942820867627
"1370","-",3.50883575150268,-3.26457913974556
"1371","-",3.88179159631061,0.686394273362034
"1372","-",5.52253262752062,-2.70467118928769
"1373","-",2.6709689984221,-5.61191134758484
"1374","-",5.44229200515852,-5.54367344396475
"1375","-",0.867924498763351,-0.570868192559293
"1376","-",7.44490001154954,-1.76075165788538
"1377","-",-0.317940400472763,-7.83413063282312
"1378","-",0.946689080484153,-1.38091556124095
"1379","-",-0.789246822674426,-0.820469412147806
"1380","-",2.45370070331411,-6.56636937705362
"1381","-",3.7335737087819,-4.65782070631776
"1382","-",7.09407917026068,-3.65992384309682
"1383","-",3.50681906867859,-9.57660976128445
"1384","-",-2.45706861402835,-2.76372233449098
"1385","-",-0.38728144737426,-1.83365382974644
"1386","-",3.83301987923837,-5.16656072410141
"1387","-",0.676819963498178,-4.17686311243449
"1388","-",10.8050381121509,-3.09569796230172
"1389","-",9.09468786179405,0.91670637895012
"1390","-",6.5810999333818,-2.43874374148043
"1391","-",-0.367048621169957,-10.0602334081361
"1392","-",2.00868773680523,-9.44823568517072
"1393","-",6.02514637358292,-6.15047369362331
"1394","-",8.82733331070407,-3.07843375910202
"1395","-",2.98835197315805,-6.82567759559437
"1396","-",-5.20616682450507,-0.76997378526933
"1397","-",9.16118517621155,-4.62059462870704
"1398","-",3.57732614192507,3.87509387655702
"1399","-",-5.12066180702625,-2.19350568357934
"1400","-",4.88648516341508,-7.98249924604369
"1401","-",2.71526330857397,-9.17559774370192
"1402","-",6.83179307044347,-2.08861682007746
"1403","-",9.06299731727841,-1.87484603945316
"1404","-",3.82354834079498,-1.97810677584325
"1405","-",-2.09774628450012,-3.00927699570779
"1406","-",1.50459927411863,-2.43613533543644
"1407","-",10.146521750821,0.671685370590105
"1408","-",7.45474463298952,1.20056546295922
"1409","-",5.34899876424271,-2.16559934483764
"1410","-",4.61277399911776,-6.41334657274552
"1411","-",3.84587148734809,-6.15389895734151
"1412","-",0.316345382084696,1.65552444582259
"1413","-",-1.85961948623187,-1.18434259123302
"1414","-",-0.981754176691012,-7.31944637500218
"1415","-",5.02586878521896,-6.55623724305718
"1416","-",11.4756845635196,0.484458368328236
"1417","-",-2.63888405615701,2.91428689293937
"1418","-",9.65365000020978,6.48041999688381
"1419","-",1.41687802857052,-8.61511985441432
"1420","-",6.94251858827079,-4.95875301151778
"1421","-",-0.0664896843760188,1.34748007871563
"1422","-",3.14207749503854,-6.17752790721176
"1423","-",6.75730497784748,-5.64526269793337
"1424","-",6.80785761974063,-5.65715772469464
"1425","-",-0.224168483149419,-0.325255251048622
"1426","-",3.59894610368212,-6.81757045524934
"1427","-",4.08531857339433,-7.49594454341604
"1428","-",4.00920494593384,-5.26038245055167
"1429","-",-0.371457678421269,-3.19765666030037
"1430","-",1.07577942641957,-4.2096368173099
"1431","-",-4.13233494609793,-1.27319350416745
"1432","-",1.04495461962151,-5.45786388525388
"1433","-",8.97967698026303,-0.677140625891008
"1434","-",-1.63744876653824,-5.7886442158017
"1435","-",6.51096648172166,0.822022690699319
"1436","-",-1.97846457520393,-6.08409776079907
"1437","-",-0.258821320418556,-7.79358979985243
"1438","-",-0.73229583374875,-0.815133774481225
"1439","-",1.23856516853879,-9.03248879504365
"1440","-",6.96980827658839,-2.93143854470525
"1441","-",-1.24323693177027,-3.88036045779516
"1442","-",-2.82136504292874,4.59357427920486
"1443","-",0.202355613839191,-5.67038536085855
"1444","-",-0.819503898805443,-6.42780385123826
"1445","-",2.683228324185,-8.14362433472201
"1446","-",4.59051925890954,-5.72740722019063
"1447","-",9.32677832049457,-2.29194800649114
"1448","-",2.79605151877148,-8.68207797014121
"1449","-",0.856444960665387,-1.41989478375244
"1450","-",7.64837948099968,-2.03901448972721
"1451","-",1.57312337745093,-8.57384382446552
"1452","-",0.30687725559647,-2.12577900493345
"1453","-",-0.135890612159851,-5.29430671326213
"1454","-",2.87751339710247,-7.07865009103311
"1455","-",8.66615829104579,2.89330308880971
"1456","-",3.26982054889578,-1.18103531779458
"1457","-",-2.13897938394928,-7.0654010714972
"1458","-",6.85991466283511,0.878865816196622
"1459","-",3.63980830412057,-4.81253429668894
"1460","-",2.28890351278305,-5.69962137999661
"1461","-",-1.50128607551055,-0.912809876602609
"1462","-",1.62719991884925,-9.30796418563765
"1463","-",6.14237006229405,-0.135019621210472
"1464","-",0.6174758249402,-5.21034928020247
"1465","-",0.403697927960149,0.538180333430027
"1466","-",9.11320292539864,-5.84894217792423
"1467","-",-2.98405324844558,-1.18583799009596
"1468","-",2.87046342788307,-8.33170157501508
"1469","-",-0.183709011672091,-5.79461212746139
"1470","-",7.68921290490155,3.46817463133954
"1471","-",0.408144999198939,-7.07313132233643
"1472","-",3.34990116601757,-5.32842060795461
"1473","-",3.34560573246672,-2.7598019061316
"1474","-",5.30862454148308,-3.3262288403564
"1475","-",0.283732214869854,-10.9436956241203
"1476","-",-0.326815117320188,-4.80001026132573
"1477","-",-1.61980345143042,-3.94290696896654
"1478","-",-2.97782223027674,0.150447044589907
"1479","-",9.38140216253236,0.482591832528293
"1480","-",4.57618734033555,-2.02453215279411
"1481","-",6.14537817791584,2.23097950681766
"1482","-",5.25372903918478,-6.03745817466163
"1483","-",8.65551500369589,-4.98847304854633
"1484","-",4.82773755887027,1.91271109545533
"1485","-",0.38411484617603,-6.43891715006215
"1486","-",9.52048549895139,-8.8675893105708
"1487","-",7.46997916712989,0.0711295092750719
"1488","-",-3.17440997130223,2.38299399254704
"1489","-",-0.661915939812132,-6.85571841414688
"1490","-",10.6414843078167,-2.26607634433526
"1491","-",1.13343895106975,-6.80332668005499
"1492","-",0.0324401350945611,-0.707066099763515
"1493","-",1.72136556633314,-7.4949135071118
"1494","-",6.97703377633574,2.85996583772158
"1495","-",6.09521842439474,-3.79604629390836
"1496","-",1.27600661793497,-7.77687515197648
"1497","-",3.86654109992185,-8.5158185124484
"1498","-",7.59875477856679,-4.65565757246538
"1499","-",5.83613725360234,-8.37887082746247
"1500","-",3.88009589260404,-0.738095173462504
"1501","-",0.677199017268439,-9.89149993524869
"1502","-",5.56415559473101,-8.5030823275827
"1503","-",6.02520969281953,-8.54487460361818
"1504","-",3.93249015950978,-6.58028969610342
"1505","-",8.80409198315927,-0.0268266553873008
"1506","-",8.88163304832295,-4.81936841511434
"1507","-",7.34339748168393,-4.55861622979341
"1508","-",1.68528820568561,-7.33751999272294
"1509","-",5.92878893046478,-8.59545743471502
"1510","-",1.60939181148641,-2.74205134971005
"1511","-",0.628780880925525,-7.77323589107436
"1512","-",4.37476172316899,-7.56135282228324
"1513","-",7.2225309811742,1.39410592126028
"1514","-",-3.79135993399465,-5.73318999108065
"1515","-",-2.38665961320741,-4.02640711441013
"1516","-",-1.69480678235683,-0.554236911519956
"1517","-",1.12558198664338,-6.13072019497938
"1518","-",0.243748683611469,-6.61553127284161
"1519","-",3.29335290180595,-5.90023873612943
"1520","-",-1.22470852174249,-9.05147328768535
"1521","-",8.16762851538661,-0.0332493521868782
"1522","-",1.46691441365569,-6.76759943029674
"1523","-",-3.34061531947451,-0.132250032439223
"1524","-",3.81153182885793,-5.87178528743624
"1525","-",6.40054553229692,1.60630881553634
"1526","-",2.33962114496088,-4.58749768964569
"1527","-",-3.12982553640747,-6.5892607896529
"1528","-",3.05529215758788,-7.82186603374948
"1529","-",-1.35629479926097,-5.67652714812195
"1530","-",-3.49455930025751,-10.0621054053884
"1531","-",-1.06319414397507,-5.42351993793212
"1532","-",-2.86119910642839,-5.5829126181366
"1533","-",6.46588871040968,-5.5618312102311
"1534","-",-0.430302179771847,-1.61838311148977
"1535","-",5.59141699273129,-4.9161155668544
"1536","-",4.51419926442044,-8.28200083909517
"1537","-",-2.44408309905301,-5.75209775456126
"1538","-",-5.03136290385085,-6.19041811877293
"1539","-",9.86742617160067,-3.43671741206446
"1540","-",10.1714349046013,-6.32715144151214
"1541","-",0.384552363951601,-8.74910203963211
"1542","-",5.71696335848103,-8.34119175476216
"1543","-",4.92527039766859,-3.1239876415548
"1544","-",3.05027527088807,-8.93783335823416
"1545","-",-1.08597437459465,2.16095973936047
"1546","-",0.689397233332999,-4.22747161303032
"1547","-",3.53223164759026,1.22168722772926
"1548","-",-3.76693774770409,1.96186810598355
"1549","-",2.88917561726007,-11.0491635914121
"1550","-",3.1536651210426,-7.85021654044703
"1551","-",-4.71078180248959,-8.63552482055268
"1552","-",7.99067059664987,-4.27811776736241
"1553","-",3.66146258387607,-5.67358758078183
"1554","-",-1.85717939842124,-6.44423260864562
"1555","-",-0.977573250927766,-0.654645321886508
"1556","-",-2.49093702875705,-0.753267099278284
"1557","-",-2.0006601359885,-7.05889784530685
"1558","-",7.20666072603057,-8.12439245236376
"1559","-",-1.67629403191164,-8.90956810696683
"1560","-",11.1562724262218,-3.2289041983643
"1561","-",-4.8628917092988,-2.57699021486231
"1562","-",-3.13263677663289,1.25321283702291
"1563","-",4.73927032317074,0.261664220228254
"1564","-",3.83709246302299,-7.64122070389921
"1565","-",0.939364417140049,-2.0085457383775
"1566","-",1.16118886935,-3.70139590754487
"1567","-",2.99676137401627,-6.44541118623134
"1568","-",4.5395237406094,-9.10346353786493
"1569","-",-0.848056776659235,-5.63802748192149
"1570","-",5.66012867853215,-4.47754375101835
"1571","-",4.56922588008247,-0.112729386099288
"1572","-",-1.24240868204433,-3.96691402068282
"1573","-",-4.31531709672876,-4.88322050246267
"1574","-",-1.55957937233429,-0.119244458227278
"1575","-",7.99295072603756,-0.0340256405050623
"1576","-",-1.17112742756608,-7.3484714475462
"1577","-",2.82002653349926,-8.47667263408949
"1578","-",-1.21324783213063,-4.90213837074682
"1579","-",8.93171917736842,2.51657569172482
"1580","-",6.96085141851226,-0.220157813800581
"1581","-",-3.84263271586641,-6.80433826951931
"1582","-",0.107226328835243,-5.96807984631711
"1583","-",-2.92963427153887,-4.37449989152495
"1584","-",-2.79121648300933,-2.15309970933443
"1585","-",7.08642030439659,-4.91123352158498
"1586","-",4.84943763032396,-4.63847642433964
"1587","-",2.27739430808463,-5.1119413784407
"1588","-",0.721218272802068,-8.2122475951159
"1589","-",-4.72352367268978,-2.29853544469209
"1590","-",0.133114628979826,-5.91187872399229
"1591","-",5.71978819760231,-5.33979692548082
"1592","-",2.45317614133063,-4.06916888733575
"1593","-",0.413440836123218,0.749020140447491
"1594","-",-2.39329115847924,0.0806872151143017
"1595","-",10.6659618100064,-0.0681410698898357
"1596","-",-0.287652981529352,-2.43051621018732
"1597","-",-1.92633321169442,-0.108829622572549
"1598","-",-1.27869889947802,-8.67329961319072
"1599","-",8.54925319069907,-6.42428699466276
"1600","-",7.19717714007215,-1.82652397064025
"1601","-",5.2516812395493,-5.16413807159592
"1602","-",4.97895857829323,-6.37720391600699
"1603","-",7.19910931937148,-8.37752750542133
"1604","-",1.71211085566275,-8.00268046158131
"1605","-",1.02448841406402,-10.1701300191331
"1606","-",8.95729238340476,-2.69533443086468
"1607","-",0.684815293397094,-6.44381327327977
"1608","-",0.185389193698439,-8.57705532097983
"1609","-",3.79954240223301,-4.05453343584817
"1610","-",5.90994825683849,0.0711559934849153
"1611","-",1.86418384676267,-7.34251340416388
"1612","-",7.50378795411396,-7.07652428541019
"1613","-",-4.3111540461098,-0.240815430299329
"1614","-",4.91860374500183,-3.73020111673886
"1615","-",7.05239943700818,0.888726304792761
"1616","-",5.00272481435044,1.1781813253714
"1617","-",-1.19802007725223,-1.45248611029375
"1618","-",0.626853724441796,-8.24964109492234
"1619","-",8.35092421212361,-5.6938694121503
"1620","-",4.49688706619075,-7.01344624494969
"1621","-",6.03860381085428,-0.336890851366821
"1622","-",-0.689794551723669,-4.96948618839029
"1623","-",0.439549563255264,-8.65052795381531
"1624","-",3.08467981817659,-6.51592074745276
"1625","-",1.14323982429278,-7.53923594539482
"1626","-",2.11350446227618,-6.53358230925306
"1627","-",0.493295773459822,0.263067049164647
"1628","-",2.64491015563197,-7.56299414916177
"1629","-",-1.6329075975526,-4.34157162273172
"1630","-",5.28441537644583,-1.6892863162739
"1631","-",1.90145336040029,-4.73541752905949
"1632","-",-0.511564910538625,-3.82466303217262
"1633","-",9.89752302357957,-6.34904097242393
"1634","-",7.78929234862871,-3.93022482449949
"1635","-",0.282840858813826,-7.2185086631163
"1636","-",0.0725957516350966,-3.17823424575617
"1637","-",0.133581806658392,-2.29604761792861
"1638","-",3.14507102982654,-7.0917814261698
"1639","-",6.32156190670267,2.39478742329813
"1640","-",0.0223754439763852,-8.04024380597437
"1641","-",6.87091089515771,-5.35007781368306
"1642","-",6.86636890822375,-5.31091223176512
"1643","-",7.75992392674868,-1.27857431353515
"1644","-",5.11732090244857,-2.29894061164425
"1645","-",-0.106198127228589,-5.93631521773402
"1646","-",-3.80295016518383,1.75214718885767
"1647","-",7.3085806337414,3.81352965479838
"1648","-",1.68607988590528,-7.25022717555166
"1649","-",4.76637784766021,-0.564650122557336
"1650","-",10.1851809248098,1.81010074079213
"1651","-",8.48639296866349,-1.12035781374818
"1652","-",-0.0681454175025946,-6.15609363238858
"1653","-",5.82910558530081,-7.20576141143192
"1654","-",-1.7084719719513,-3.45514202442432
"1655","-",1.69521990205979,-7.3918899420837
"1656","-",8.45326372746358,-0.0423506440205232
"1657","-",10.1652393588612,-0.644749293788372
"1658","-",3.12503529465505,-0.472272159031171
"1659","-",5.08520440195037,-5.55895050767185
"1660","-",0.47099674188077,-3.28456745716559
"1661","-",7.384685220545,-4.61354010682956
"1662","-",4.36402806313683,-0.825997018010548
"1663","-",0.565836227611817,-6.81239590161346
"1664","-",-3.22253610612197,0.257076752087703
"1665","-",2.27869383154473,-4.22406731020492
"1666","-",0.293768495420643,-7.35625069085539
"1667","-",-3.84545728981361,-3.2123574336543
"1668","-",1.65881519114832,-3.46391869947373
"1669","-",-4.15406774801951,-2.39060307296163
"1670","-",3.10865177372304,-7.15504630383434
"1671","-",5.8018936889328,-4.80452096556558
"1672","-",6.06895864806382,-3.41960519423756
"1673","-",6.12645358603893,-5.24094936304989
"1674","-",6.81501633436155,-3.66677775336803
"1675","-",4.92176799287785,-7.91212520455088
"1676","-",-5.10124847782239,-1.90420339486686
"1677","-",7.82595525846522,-6.51926950348048
"1678","-",-0.605211583562563,-6.94011269811396
"1679","-",8.302622172385,2.9839633220997
"1680","-",-3.60765615648541,0.483356694605875
"1681","-",7.5927292599976,-0.815367097004552
"1682","-",-0.504396547165377,-4.45540046820771
"1683","-",5.1130747056789,-6.30643214250498
"1684","-",5.21708921109267,-6.17420886661354
"1685","-",4.81165654965214,-6.09768486419464
"1686","-",4.77026585092678,-6.72078496953598
"1687","-",1.09596693223419,-3.7208349512324
"1688","-",3.55289216504734,-2.34759899846356
"1689","-",-4.59866281115519,-0.616576343586932
"1690","-",0.459258039012391,-7.45257349194975
"1691","-",3.79150441562685,-5.91735914570335
"1692","-",-3.24489040849059,-5.16700908386102
"1693","-",6.69910347983854,0.177860901173835
"1694","-",3.72959668629861,-8.13347486306199
"1695","-",5.37683370228229,-0.159436809086709
"1696","-",-0.284496147044721,4.33356549543392
"1697","-",5.55695535587713,-4.16010964938767
"1698","-",-3.00278284637392,0.527373821345774
"1699","-",0.5413894342602,-8.50485320177796
"1700","-",6.14834207842197,-6.88803592842742
"1701","-",1.73485606303,-9.11118853650455
"1702","-",1.4714132390006,-3.992490338561
"1703","-",7.37730584063182,-3.06692740259734
"1704","-",-2.33860416244989,-4.71096106647115
"1705","-",-0.422071346470807,-8.0728897795162
"1706","-",-1.58365392050818,-10.2255519683632
"1707","-",6.60577025703335,-6.14183047749779
"1708","-",-0.941914098169713,-1.58265678644662
"1709","-",-2.88456942091259,-2.38575633800086
"1710","-",7.28530386242886,2.2291733679277
"1711","-",2.36757067140868,-9.85293481032335
"1712","-",1.60935807869611,-4.91196845553244
"1713","-",5.25759180349622,-0.864077650401798
"1714","-",-4.40749742504974,-4.57674233534934
"1715","-",-1.2368158908199,-1.91749930558828
"1716","-",3.56535520680433,-3.12163734790256
"1717","-",1.75551293744221,-2.15194420292231
"1718","-",3.09792583118975,-5.54809729474064
"1719","-",0.288143252918203,-7.83155454860757
"1720","-",-2.73464030180225,-5.0818384836517
"1721","-",3.46005698960321,-2.03046861808382
"1722","-",-0.730824699708049,-6.14099458661058
"1723","-",6.33567659593092,-2.56880898037946
"1724","-",7.04387896535192,-1.13696733401222
"1725","-",-1.53099825425246,-5.13601729388396
"1726","-",6.33125764980722,-4.94307779360397
"1727","-",7.02603428654935,-3.03431599130937
"1728","-",8.26790450514073,2.32066070224046
"1729","-",0.540445002828645,-10.1682149029948
"1730","-",-3.21456564561176,3.74169404710917
"1731","-",-3.47752041176343,2.19133433978103
"1732","-",8.89532057343515,-0.806993158802375
"1733","-",-1.7065117641586,-7.165609166916
"1734","-",6.9640221736587,-3.37339976095937
"1735","-",10.7575383203853,0.0420753957695419
"1736","-",-6.64390773512417,-1.75554251242014
"1737","-",-3.85410782897544,-6.33805911161934
"1738","-",0.246750040792614,1.94351022169994
"1739","-",3.44660742247549,-0.296379037516584
"1740","-",8.28331434291066,0.708876153278538
"1741","-",2.28140287575604,-9.43420890184935
"1742","-",-3.12736441864991,-9.6437150835997
"1743","-",-0.111748818866894,-4.48247957714589
"1744","-",3.69051183463501,-11.1231946158942
"1745","-",-2.90829946899223,-0.905847849222434
"1746","-",5.672906582323,-5.4931640129615
"1747","-",-0.609801674560773,-0.251164279937634
"1748","-",5.52187160279635,-5.49134408059485
"1749","-",6.95381949264746,-2.03554930013333
"1750","-",5.39583132185737,-7.91839270925636
"1751","-",2.21387013421043,-5.32316642416994
"1752","-",-1.61276285042277,-4.89404783510468
"1753","-",5.66271972879006,0.63489196533211
"1754","-",-4.01738407628595,-9.48659895929193
"1755","-",0.98974752907787,-5.90401604231586
"1756","-",4.15419186420723,-7.78142823226293
"1757","-",5.17965951635225,-3.21593432765962
"1758","-",8.14342682115939,-6.76328627714154
"1759","-",1.86953947686577,-4.5366144461934
"1760","-",8.55851366919201,-3.66726353675047
"1761","-",6.68196061296131,-3.39267472566569
"1762","-",8.92390292340086,-3.82064388856451
"1763","-",3.00991940505478,-8.46740769693397
"1764","-",4.85866509518985,-6.38713292679463
"1765","-",4.04453585623147,-3.07978943396127
"1766","-",-4.0109951647042,-6.12146835819418
"1767","-",-0.438298543120328,-0.425078812999665
"1768","-",0.67483877820408,-1.73780576085011
"1769","-",0.659290241663745,-3.88974846720134
"1770","-",6.04591587138443,-0.317312971642785
"1771","-",7.6440828076344,-5.57642613255375
"1772","-",-0.0361008778707426,0.202230008204909
"1773","-",1.8350933654955,-5.09464059449716
"1774","-",7.13253852665457,2.62585245081213
"1775","-",7.75285237168965,0.390236186925964
"1776","-",1.72770120541432,-6.8558528299188
"1777","-",8.098637454179,-8.29166017470779
"1778","-",7.10541694665303,-1.14312675157518
"1779","-",0.478286631646186,-1.45865572577775
"1780","-",4.62062718876809,-10.0033311856413
"1781","-",-1.31377419823443,-6.3760388399442
"1782","-",-2.81626519434013,-4.85859501177107
"1783","-",3.22001329536317,-10.6129458374888
"1784","-",5.8363675674907,0.0525242773492975
"1785","-",-2.47471172479848,0.241173183986907
"1786","-",4.46998798128303,-5.01847914750728
"1787","-",-1.44091042189328,-6.08901754223044
"1788","-",6.62198817756403,2.83062606428588
"1789","-",7.4464331661253,1.58346356874596
"1790","-",-3.44350912388673,-7.45185382706513
"1791","-",5.53839174936617,-5.01185257595776
"1792","-",-3.8507638356875,0.251735892803927
"1793","-",0.64112229143563,-5.84987732309819
"1794","-",2.4631232676671,-6.93285092152499
"1795","-",2.1163450856256,-5.32315327453284
"1796","-",8.41484374784295,-2.07976202790629
"1797","-",2.52824118410259,-7.66796921918715
"1798","-",5.71953180232112,-4.2330084917009
"1799","-",-1.66446378144199,2.82332052465194
"1800","-",8.78541640528146,-5.69707164703948
"1801","-",-6.5604355648589,-0.232138197250687
"1802","-",3.47659425904037,-8.73193187111814
"1803","-",3.59558606663214,-2.98504927265089
"1804","-",5.72971981780937,-5.33691258723454
"1805","-",-0.0523711428462894,-5.48377488488234
"1806","-",3.1456607246838,-9.00280792347787
"1807","-",5.86692797720691,-3.15528148340567
"1808","-",8.48385736913944,-1.10838377551235
"1809","-",4.59775137542396,-6.02444011605568
"1810","-",7.99780224903362,-0.914162703807064
"1811","-",6.04141418148965,-3.4374378439353
"1812","-",7.01985410842341,-3.09147469074724
"1813","-",-0.339404222646411,1.92021547808565
"1814","-",1.12006118838406,-5.03350595650571
"1815","-",-2.40689501169861,-3.84666543405975
"1816","-",11.0271621571355,0.859225336070332
"1817","-",-1.87778625852985,-3.1011833364717
"1818","-",8.47216758770756,-6.68652535130621
"1819","-",4.70098028326992,-6.76968512408893
"1820","-",2.57511213726765,-6.63466926414143
"1821","-",2.64838465872062,-11.2350459847841
"1822","-",6.03860904403837,-1.89210483131332
"1823","-",1.31469953033331,-6.03658716743866
"1824","-",-2.53119488746149,3.37713977802146
"1825","-",0.729346205182466,-7.87913713054168
"1826","-",4.29540721136278,0.818192240520034
"1827","-",4.91058175925788,-3.77254794129304
"1828","-",1.31125444293654,-2.74896814192019
"1829","-",5.6563612958114,-4.73275168674654
"1830","-",0.36409107705766,-4.99191294874496
"1831","-",-1.3470361358835,-5.42617148322428
"1832","-",4.78968116523056,-3.39228191262473
"1833","-",0.226494273650238,-6.03753746128145
"1834","-",0.308908061986639,-6.07073976407554
"1835","-",5.20378185607007,-2.08119046113565
"1836","-",5.83328026759632,-3.10665512373295
"1837","-",2.02152271530259,-8.40224274779639
"1838","-",7.29425028721406,-3.0772734785931
"1839","-",7.37778754353999,-10.0716171083712
"1840","-",-0.529214022060922,1.85722521840037
"1841","-",6.80020532444641,0.696451628199938
"1842","-",7.49233747607527,-8.99156113126744
"1843","-",9.81884176406689,-1.43582158953195
"1844","-",0.104109164634487,-1.58579833302195
"1845","-",6.29029326435324,-5.29585597489193
"1846","-",9.600672772553,-4.31527432245783
"1847","-",6.9169969696137,1.9535162671467
"1848","-",0.852311048870399,-8.22948413255667
"1849","-",-2.56594386220209,-0.0817947775734053
"1850","-",3.97783571934399,-2.69015811155712
"1851","-",9.22776104588038,-2.86641924672354
"1852","-",6.12014444703861,-6.34113220281467
"1853","-",-1.73111627411307,-4.00305911898559
"1854","-",5.22359583185463,-5.7551410907776
"1855","-",-3.69840562110022,-0.292292081102172
"1856","-",0.279856158682523,-0.17264366656419
"1857","-",3.14897632304228,-7.43119575126963
"1858","-",5.20873732099691,-2.59914207394472
"1859","-",6.24791378336836,-0.815634150066569
"1860","-",5.52576882701769,-2.2507105987271
"1861","-",-2.60007328879725,1.73472025608787
"1862","-",4.22543676372655,-6.80035826999711
"1863","-",7.3974159695776,-0.0941570821709392
"1864","-",0.404841553895757,-9.44627258688963
"1865","-",3.18181308345377,-7.1103694139242
"1866","-",9.69859405669375,4.40917063746778
"1867","-",0.077844468083776,2.72224757719347
"1868","-",-2.30826637959449,3.46100246094668
"1869","-",-4.60571478205518,0.271704978998064
"1870","-",-0.452807953248651,-3.52275902315646
"1871","-",8.3727757624346,-1.74814617846267
"1872","-",0.915985701374009,-8.23808489667961
"1873","-",0.0071704762069091,-4.84736547350559
"1874","-",8.17256365592448,0.132672191835067
"1875","-",3.5773917762176,-13.0940099261974
"1876","-",8.51819578469076,-0.760235504593306
"1877","-",-1.36228244631162,-6.4760783450945
"1878","-",3.60416031364115,-5.62575536197338
"1879","-",0.622108124808171,1.30433901781985
"1880","-",5.83375319347433,-4.17434944465282
"1881","-",0.201224790726378,-6.09168883239713
"1882","-",1.98653598825255,-3.94840795550451
"1883","-",7.45711770289052,0.727630799223984
"1884","-",6.10782510363094,-6.39312388432007
"1885","-",8.72542722692734,1.47393742835993
"1886","-",-1.84125897257046,-5.10226652271785
"1887","-",6.05025028212789,-0.327151022102795
"1888","-",0.928822241007367,-8.04431916855385
"1889","-",11.3878863507572,-4.47646906404092
"1890","-",2.86909894626391,-2.04492539302655
"1891","-",6.32772898473437,-3.36028259226098
"1892","-",8.61130997342938,5.5147466325334
"1893","-",5.60228188866302,-9.29995555159012
"1894","-",4.55095172426951,-6.02996995895059
"1895","-",10.9685425814764,-5.17569779888962
"1896","-",6.64495701535902,-6.76394793507011
"1897","-",5.55238018311576,3.17472062142293
"1898","-",7.04129057882158,2.73199960842262
"1899","-",0.365345819409387,-4.02148111382569
"1900","-",9.72896478688707,-6.13407528698639
"1901","-",-0.726222770043907,-7.65070646660102
"1902","-",-3.81386187999361,1.11498987678334
"1903","-",0.947070208798044,-11.3884397045797
"1904","-",-3.20874018952647,-0.000893971079969136
"1905","-",-4.36492590923592,-2.94017770236971
"1906","-",8.41782600973261,-3.06466131309453
"1907","-",1.89386593525942,-6.43217972878837
"1908","-",0.150921620451415,-7.15912566237008
"1909","-",-0.126655670102007,-7.4751356453662
"1910","-",2.77362841887717,-5.16361090621963
"1911","-",3.05641569723533,0.212106358457442
"1912","-",3.39907252346283,-4.9404963762386
"1913","-",9.36320383488868,0.682911150995318
"1914","-",1.10140592486693,-6.51071575521692
"1915","-",0.548414394113476,-8.07750819385168
"1916","-",2.24511401121383,-5.69289727686331
"1917","-",0.556809121914298,-10.2435270820961
"1918","-",7.18782320704957,-7.63113507721714
"1919","-",14.2110750577085,-0.751530585577159
"1920","-",-2.53493961947344,0.825238930091766
"1921","-",2.26539476488345,-10.1534151371324
"1922","-",3.67732810329575,-7.94893880327858
"1923","-",-3.4851856834368,-6.12530576864444
"1924","-",-4.06541225068904,-1.58912672039371
"1925","-",0.792861089965745,-5.25737713495742
"1926","-",1.76235308652781,-8.47731101375481
"1927","-",3.93328226103484,-6.0826799240812
"1928","-",2.14298430473581,-2.61503829277154
"1929","-",1.39576336164733,-7.85836671853206
"1930","-",-1.51848740222945,-6.1641454570663
"1931","-",0.527347230001222,-7.46214080443583
"1932","-",-0.280989730453688,-0.266608389147228
"1933","-",5.70520404238478,-6.18898860674244
"1934","-",6.79516238175117,-0.0956185083650967
"1935","-",0.29434417720333,-3.10787794861728
"1936","-",6.81235317437882,-0.618260334094351
"1937","-",2.85495098856319,-6.87964487969366
"1938","-",3.41088713804038,-6.99956841534534
"1939","-",6.36175353850903,-4.9130932232493
"1940","-",3.43908695403338,-3.90924891520598
"1941","-",6.64032316619287,-9.76047199363346
"1942","-",4.12651782689824,-6.95372750554363
"1943","-",2.1711365743411,-9.10547583496872
"1944","-",0.303426310440915,-6.00794182873691
"1945","-",7.36597974260659,0.776080832074459
"1946","-",4.75725530927203,-4.45816036373533
"1947","-",6.85558949224598,-5.7871934998742
"1948","-",6.52420689186496,2.44791225307182
"1949","-",3.04276686288797,-5.50216652181674
"1950","-",4.22568530104871,-6.41866560649751
"1951","-",10.2242565399724,0.633420313242811
"1952","-",6.882224870953,-4.2518015663792
"1953","-",0.644765152731965,-3.32362690324683
"1954","-",-2.50962464074031,-0.689470269764058
"1955","-",2.18428319934345,-5.93850601046922
"1956","-",4.81558718349056,-10.7796604747766
"1957","-",2.13777367898424,-6.25745479859667
"1958","-",1.54951250213824,-4.11320388738247
"1959","-",-1.67324426604823,-9.44784701761454
"1960","-",5.32941527722564,-8.33221323488634
"1961","-",3.20285954601165,-6.24013381636941
"1962","-",2.53636164263815,-5.69108478999297
"1963","-",7.45385861842313,-8.86110105171099
"1964","-",0.671554711206288,-2.25633367011676
"1965","-",4.03642815389097,-9.39707114938399
"1966","-",5.91903671451599,-4.18010005357772
"1967","-",0.170026059015491,-9.37332907463276
"1968","-",-3.32331928794058,-0.762479172710742
"1969","-",-2.23550881698171,-9.37252522477112
"1970","-",-7.53976459811994,2.1877961672782
"1971","-",4.98441423948541,-2.18083128853555
"1972","-",-0.277893727007994,-0.471035858982479
"1973","-",-1.92776194698591,-1.98548561084087
"1974","-",6.97180394396658,0.13658976726095
"1975","-",0.246455126000928,-3.52416243531719
"1976","-",1.49972274550592,-8.54708257325288
"1977","-",6.61487050983653,0.514256551142016
"1978","-",7.31203795705845,-1.72683971089288
"1979","-",-0.44546129226166,-9.32190307396256
"1980","-",4.50256882330715,-5.83580234153976
"1981","-",-2.50518283416895,-6.85029372247706
"1982","-",-1.8452872559999,-3.01795359300519
"1983","-",3.11695953100669,-4.44044148334872
"1984","-",-0.116301226187204,-2.95299386292773
"1985","-",8.17329083367623,-1.98015482685683
"1986","-",3.18008853150778,-7.92454203664224
"1987","-",4.55611358267655,0.665394073685795
"1988","-",-0.817388273434576,-6.14778924983031
"1989","-",-2.54358902632496,-3.23266911067667
"1990","-",-4.63662428063701,1.88452970509133
"1991","-",4.5695986879776,-0.64311712930344
"1992","-",3.75868638339983,-4.98950216415303
"1993","-",-3.59534709383565,-0.381720274716045
"1994","-",7.30532734984988,2.26859742725926
"1995","-",5.53531651717365,-8.23030673379016
"1996","-",0.217508307519712,-5.77283103654922
"1997","-",-2.41652264963622,-3.63789660308664
"1998","-",9.73717868253975,-1.41319675471925
"1999","-",-3.6693206317671,-2.21904312667906
"2000","-",5.64395548699523,-1.74278562757854
